method,candidate_version,macro_regime_label,cp,n_train,n_test,n_assigned,n_low_confidence,coverage_share,low_confidence_share,mean_entropy,mean_margin,silhouette_score,davies_bouldin_score,calinski_harabasz_score,purity_vs_v21,nmi_vs_v21,ari_vs_v21,temporal_stability,fold_stability,dead_regime_flag,production_status
distance_softmax_v2,v2,macro_southerly_flow,22:00,1393,48,1441,1264,0.06602822580645161,0.8771686328938237,1.3501432505237558,0.31482297782830226,-0.03468917828713762,5.699410665612035,13.256968841658855,0.8603896103896104,0.6732650453321258,0.695594547838266,0.9348791522192164,0.5141972837862826,false,EXPERIMENT_ONLY
distance_softmax_v2,v2,macro_southerly_flow,20:00,1433,49,1482,1290,0.06790689149560117,0.8704453441295547,1.3452087211065074,0.31676249190197303,-0.03468917828713762,5.699410665612035,13.256968841658855,0.8603896103896104,0.6732650453321258,0.695594547838266,0.9348791522192164,0.5141972837862826,false,EXPERIMENT_ONLY
distance_softmax_v2,v2,macro_southerly_flow,23:00,1397,46,1443,1277,0.06611986803519061,0.884961884961885,1.3577785407776057,0.3097022832760089,-0.03468917828713762,5.699410665612035,13.256968841658855,0.8603896103896104,0.6732650453321258,0.695594547838266,0.9348791522192164,0.5141972837862826,false,EXPERIMENT_ONLY
distance_softmax_v2,v2,macro_southerly_flow,21:00,1422,47,1469,1284,0.06731121700879765,0.8740639891082369,1.346548052745719,0.31566521005142933,-0.03468917828713762,5.699410665612035,13.256968841658855,0.8603896103896104,0.6732650453321258,0.695594547838266,0.9348791522192164,0.5141972837862826,false,EXPERIMENT_ONLY
distance_softmax_v2,v2,macro_nw_continuum,20:00,3753,97,3850,3676,0.17641129032258066,0.9548051948051948,1.3779742727448825,0.26739094847973216,-0.03468917828713762,5.699410665612035,13.256968841658855,0.8603896103896104,0.6732650453321258,0.695594547838266,0.9348791522192164,0.5141972837862826,false,EXPERIMENT_ONLY
distance_softmax_v2,v2,macro_nw_continuum,22:00,3841,102,3943,3753,0.18067265395894427,0.9518133400963733,1.3575169128531008,0.27336857321454683,-0.03468917828713762,5.699410665612035,13.256968841658855,0.8603896103896104,0.6732650453321258,0.695594547838266,0.9348791522192164,0.5141972837862826,false,EXPERIMENT_ONLY
distance_softmax_v2,v2,macro_nw_continuum,23:00,3844,105,3949,3769,0.18094758064516128,0.9544188402127121,1.3616218008115348,0.2718306434025565,-0.03468917828713762,5.699410665612035,13.256968841658855,0.8603896103896104,0.6732650453321258,0.695594547838266,0.9348791522192164,0.5141972837862826,false,EXPERIMENT_ONLY
distance_softmax_v2,v2,macro_nw_continuum,21:00,3793,103,3896,3698,0.17851906158357772,0.9491786447638604,1.3613638987996153,0.27123681385717946,-0.03468917828713762,5.699410665612035,13.256968841658855,0.8603896103896104,0.6732650453321258,0.695594547838266,0.9348791522192164,0.5141972837862826,false,EXPERIMENT_ONLY
distance_softmax_v2,v2,macro_light_marine_or_residual,20:00,116,8,124,116,0.005681818181818182,0.9354838709677419,1.4586718529146296,0.21567296992762983,-0.03468917828713762,5.699410665612035,13.256968841658855,0.8603896103896104,0.6732650453321258,0.695594547838266,0.9348791522192164,0.5141972837862826,false,EXPERIMENT_ONLY
distance_softmax_v2,v2,macro_light_marine_or_residual,23:00,61,3,64,58,0.002932551319648094,0.90625,1.448422628614622,0.26348928229866114,-0.03468917828713762,5.699410665612035,13.256968841658855,0.8603896103896104,0.6732650453321258,0.695594547838266,0.9348791522192164,0.5141972837862826,false,EXPERIMENT_ONLY
distance_softmax_v2,v2,macro_light_marine_or_residual,22:00,68,4,72,65,0.0032991202346041057,0.9027777777777778,1.4423504408777212,0.24505453945998276,-0.03468917828713762,5.699410665612035,13.256968841658855,0.8603896103896104,0.6732650453321258,0.695594547838266,0.9348791522192164,0.5141972837862826,false,EXPERIMENT_ONLY
distance_softmax_v2,v2,macro_light_marine_or_residual,21:00,87,4,91,84,0.004169721407624633,0.9230769230769231,1.4451845066267572,0.24324335870213432,-0.03468917828713762,5.699410665612035,13.256968841658855,0.8603896103896104,0.6732650453321258,0.695594547838266,0.9348791522192164,0.5141972837862826,false,EXPERIMENT_ONLY
distance_softmax_v22,v2.2,macro_nw_continuum,22:00,3391,90,3481,3323,0.15950329912023462,0.9546107440390692,1.3698284117471369,0.2702473747108867,0.053919325465834625,5.621884544628355,43.669430087528816,1.0,1.0,1.0,0.9899589045547622,0.6154294479346255,false,EXPERIMENT_ONLY
distance_softmax_v22,v2.2,macro_nw_continuum,20:00,3215,79,3294,3149,0.15093475073313783,0.9559805707346691,1.3892822522073278,0.2621878766388312,0.053919325465834625,5.621884544628355,43.669430087528816,1.0,1.0,1.0,0.9899589045547622,0.6154294479346255,false,EXPERIMENT_ONLY
distance_softmax_v22,v2.2,macro_nw_continuum,21:00,3299,86,3385,3226,0.15510447214076245,0.9530280649926145,1.3747074073508088,0.26675388342174233,0.053919325465834625,5.621884544628355,43.669430087528816,1.0,1.0,1.0,0.9899589045547622,0.6154294479346255,false,EXPERIMENT_ONLY
distance_softmax_v22,v2.2,macro_nw_continuum,23:00,3472,94,3566,3411,0.16339809384164222,0.9565339315759955,1.372918220364517,0.26910993642414044,0.053919325465834625,5.621884544628355,43.669430087528816,1.0,1.0,1.0,0.9899589045547622,0.6154294479346255,false,EXPERIMENT_ONLY
distance_softmax_v22,v2.2,macro_southerly_flow,21:00,1334,45,1379,1205,0.06318731671554252,0.873821609862219,1.3486920125908273,0.31755022182821957,0.053919325465834625,5.621884544628355,43.669430087528816,1.0,1.0,1.0,0.9899589045547622,0.6154294479346255,false,EXPERIMENT_ONLY
distance_softmax_v22,v2.2,macro_southerly_flow,22:00,1335,44,1379,1210,0.06318731671554252,0.8774474256707759,1.3535504443493163,0.31493604789997487,0.053919325465834625,5.621884544628355,43.669430087528816,1.0,1.0,1.0,0.9899589045547622,0.6154294479346255,false,EXPERIMENT_ONLY
distance_softmax_v22,v2.2,macro_southerly_flow,20:00,1334,46,1380,1198,0.06323313782991202,0.8681159420289855,1.347763690175848,0.3167281940648542,0.053919325465834625,5.621884544628355,43.669430087528816,1.0,1.0,1.0,0.9899589045547622,0.6154294479346255,false,EXPERIMENT_ONLY
distance_softmax_v22,v2.2,macro_southerly_flow,23:00,1345,43,1388,1230,0.06359970674486803,0.8861671469740634,1.360357022400318,0.31036555206504424,0.053919325465834625,5.621884544628355,43.669430087528816,1.0,1.0,1.0,0.9899589045547622,0.6154294479346255,false,EXPERIMENT_ONLY
distance_softmax_v22,v2.2,macro_calm_radiative,20:00,753,29,782,0,0.03583211143695015,0.0,0.0,0.7003035356978629,0.053919325465834625,5.621884544628355,43.669430087528816,1.0,1.0,1.0,0.9899589045547622,0.6154294479346255,false,EXPERIMENT_ONLY
distance_softmax_v22,v2.2,macro_calm_radiative,23:00,485,17,502,0,0.023002199413489736,0.0,0.0,0.7000545256648516,0.053919325465834625,5.621884544628355,43.669430087528816,1.0,1.0,1.0,0.9899589045547622,0.6154294479346255,false,EXPERIMENT_ONLY
distance_softmax_v22,v2.2,macro_calm_radiative,22:00,576,20,596,0,0.027309384164222874,0.0,0.0,0.7000463578917722,0.053919325465834625,5.621884544628355,43.669430087528816,1.0,1.0,1.0,0.9899589045547622,0.6154294479346255,false,EXPERIMENT_ONLY
distance_softmax_v22,v2.2,macro_calm_radiative,21:00,669,23,692,0,0.031708211143695014,0.0,0.0,0.7000745017491871,0.053919325465834625,5.621884544628355,43.669430087528816,1.0,1.0,1.0,0.9899589045547622,0.6154294479346255,false,EXPERIMENT_ONLY
train_only_gmm,v2.2,macro_nw_continuum,22:00,3297,99,3396,408,0.15560850439882698,0.12014134275618374,0.2490871741244336,0.7943566492630629,0.09332420901508638,1.8679472007135047,77.54458870659248,0.6136363636363636,0.14515214130601353,0.07560044799786757,0.9641878934982993,0.07991328465901584,false,EXPERIMENT_ONLY
train_only_gmm,v2.2,macro_nw_continuum,21:00,3404,102,3506,411,0.16064882697947214,0.11722760981175129,0.24386107428058065,0.8021285298420516,0.09332420901508638,1.8679472007135047,77.54458870659248,0.6136363636363636,0.14515214130601353,0.07560044799786757,0.9641878934982993,0.07991328465901584,false,EXPERIMENT_ONLY
train_only_gmm,v2.2,macro_nw_continuum,23:00,3170,95,3265,423,0.14960593841642228,0.12955589586523736,0.2525752330809005,0.7896683133125059,0.09332420901508638,1.8679472007135047,77.54458870659248,0.6136363636363636,0.14515214130601353,0.07560044799786757,0.9641878934982993,0.07991328465901584,false,EXPERIMENT_ONLY
train_only_gmm,v2.2,macro_nw_continuum,20:00,3446,102,3548,381,0.1625733137829912,0.10738444193912063,0.23235667097295382,0.8141234357491851,0.09332420901508638,1.8679472007135047,77.54458870659248,0.6136363636363636,0.14515214130601353,0.07560044799786757,0.9641878934982993,0.07991328465901584,false,EXPERIMENT_ONLY
train_only_gmm,v2.2,macro_calm_radiative,21:00,571,16,587,102,0.02689699413489736,0.1737649063032368,0.3928774858684476,0.6965233251782369,0.09332420901508638,1.8679472007135047,77.54458870659248,0.6136363636363636,0.14515214130601353,0.07560044799786757,0.9641878934982993,0.07991328465901584,false,EXPERIMENT_ONLY
train_only_gmm,v2.2,macro_calm_radiative,23:00,420,11,431,99,0.019748900293255132,0.2296983758700696,0.41542868344454353,0.6731052727533577,0.09332420901508638,1.8679472007135047,77.54458870659248,0.6136363636363636,0.14515214130601353,0.07560044799786757,0.9641878934982993,0.07991328465901584,false,EXPERIMENT_ONLY
train_only_gmm,v2.2,macro_calm_radiative,22:00,505,14,519,112,0.02378115835777126,0.21579961464354527,0.4116801462516581,0.6787022054573971,0.09332420901508638,1.8679472007135047,77.54458870659248,0.6136363636363636,0.14515214130601353,0.07560044799786757,0.9641878934982993,0.07991328465901584,false,EXPERIMENT_ONLY
train_only_gmm,v2.2,macro_calm_radiative,20:00,627,20,647,126,0.02964626099706745,0.1947449768160742,0.3763861088255752,0.6973979031853935,0.09332420901508638,1.8679472007135047,77.54458870659248,0.6136363636363636,0.14515214130601353,0.07560044799786757,0.9641878934982993,0.07991328465901584,false,EXPERIMENT_ONLY
train_only_gmm,v2.2,macro_southerly_flow,22:00,1500,41,1541,235,0.07061033724340177,0.15249837767683322,0.20378448755976808,0.8066120576978554,0.09332420901508638,1.8679472007135047,77.54458870659248,0.6136363636363636,0.14515214130601353,0.07560044799786757,0.9641878934982993,0.07991328465901584,false,EXPERIMENT_ONLY
train_only_gmm,v2.2,macro_southerly_flow,20:00,1229,32,1261,211,0.057780425219941346,0.16732751784298175,0.21731776075059267,0.7921758165073653,0.09332420901508638,1.8679472007135047,77.54458870659248,0.6136363636363636,0.14515214130601353,0.07560044799786757,0.9641878934982993,0.07991328465901584,false,EXPERIMENT_ONLY
train_only_gmm,v2.2,macro_southerly_flow,21:00,1327,36,1363,235,0.0624541788856305,0.1724137931034483,0.21107560247575155,0.7963969172129751,0.09332420901508638,1.8679472007135047,77.54458870659248,0.6136363636363636,0.14515214130601353,0.07560044799786757,0.9641878934982993,0.07991328465901584,false,EXPERIMENT_ONLY
train_only_gmm,v2.2,macro_southerly_flow,23:00,1712,48,1760,247,0.08064516129032258,0.1403409090909091,0.1872548525035098,0.8218468489754038,0.09332420901508638,1.8679472007135047,77.54458870659248,0.6136363636363636,0.14515214130601353,0.07560044799786757,0.9641878934982993,0.07991328465901584,false,EXPERIMENT_ONLY
som_topological,v2.2,macro_nw_continuum,20:00,2452,64,2516,0,0.11528592375366568,0.0,0.0,0.8076163988196706,0.0974627786174116,3.935419638676194,69.18286029000991,0.8441558441558441,0.5851972165663839,0.6199137627052295,0.984523193315809,0.523509298265365,false,EXPERIMENT_ONLY
som_topological,v2.2,macro_nw_continuum,21:00,2615,68,2683,0,0.12293804985337244,0.0,0.0,0.8499890528171054,0.0974627786174116,3.935419638676194,69.18286029000991,0.8441558441558441,0.5851972165663839,0.6199137627052295,0.984523193315809,0.523509298265365,false,EXPERIMENT_ONLY
som_topological,v2.2,macro_nw_continuum,22:00,2775,74,2849,0,0.1305443548387097,0.0,0.0,0.8927526170025495,0.0974627786174116,3.935419638676194,69.18286029000991,0.8441558441558441,0.5851972165663839,0.6199137627052295,0.984523193315809,0.523509298265365,false,EXPERIMENT_ONLY
som_topological,v2.2,macro_nw_continuum,23:00,2950,79,3029,0,0.13879215542521994,0.0,0.0,0.9108711385195121,0.0974627786174116,3.935419638676194,69.18286029000991,0.8441558441558441,0.5851972165663839,0.6199137627052295,0.984523193315809,0.523509298265365,false,EXPERIMENT_ONLY
som_topological,v2.2,macro_calm_radiative,20:00,1456,48,1504,0,0.0689149560117302,0.0,0.0,0.8526054586189407,0.0974627786174116,3.935419638676194,69.18286029000991,0.8441558441558441,0.5851972165663839,0.6199137627052295,0.984523193315809,0.523509298265365,false,EXPERIMENT_ONLY
som_topological,v2.2,macro_calm_radiative,22:00,1176,40,1216,0,0.05571847507331378,0.0,0.0,0.7778403927124612,0.0974627786174116,3.935419638676194,69.18286029000991,0.8441558441558441,0.5851972165663839,0.6199137627052295,0.984523193315809,0.523509298265365,false,EXPERIMENT_ONLY
som_topological,v2.2,macro_calm_radiative,23:00,1005,32,1037,0,0.04751649560117302,0.0,0.0,0.7187389465707869,0.0974627786174116,3.935419638676194,69.18286029000991,0.8441558441558441,0.5851972165663839,0.6199137627052295,0.984523193315809,0.523509298265365,false,EXPERIMENT_ONLY
som_topological,v2.2,macro_calm_radiative,21:00,1326,45,1371,0,0.06282074780058651,0.0,0.0,0.8380037018439386,0.0974627786174116,3.935419638676194,69.18286029000991,0.8441558441558441,0.5851972165663839,0.6199137627052295,0.984523193315809,0.523509298265365,false,EXPERIMENT_ONLY
som_topological,v2.2,macro_southerly_flow,22:00,1351,40,1391,0,0.06373717008797654,0.0,0.0,0.792903232742207,0.0974627786174116,3.935419638676194,69.18286029000991,0.8441558441558441,0.5851972165663839,0.6199137627052295,0.984523193315809,0.523509298265365,false,EXPERIMENT_ONLY
som_topological,v2.2,macro_southerly_flow,21:00,1361,41,1402,0,0.06424120234604105,0.0,0.0,0.817264407533231,0.0974627786174116,3.935419638676194,69.18286029000991,0.8441558441558441,0.5851972165663839,0.6199137627052295,0.984523193315809,0.523509298265365,false,EXPERIMENT_ONLY
som_topological,v2.2,macro_southerly_flow,23:00,1347,43,1390,0,0.06369134897360704,0.0,0.0,0.7724201578204869,0.0974627786174116,3.935419638676194,69.18286029000991,0.8441558441558441,0.5851972165663839,0.6199137627052295,0.984523193315809,0.523509298265365,false,EXPERIMENT_ONLY
som_topological,v2.2,macro_southerly_flow,20:00,1394,42,1436,0,0.0657991202346041,0.0,0.0,0.8247561956059151,0.0974627786174116,3.935419638676194,69.18286029000991,0.8441558441558441,0.5851972165663839,0.6199137627052295,0.984523193315809,0.523509298265365,false,EXPERIMENT_ONLY
michelangeli_stability,v2.2,macro_calm_radiative,20:00,1456,48,1504,1,0.0689149560117302,0.0006648936170212766,0.0,0.8526054586189407,0.0974627786174116,3.935419638676194,69.18286029000991,0.8441558441558441,0.5851972165663839,0.6199137627052295,0.984523193315809,0.523509298265365,false,EXPERIMENT_ONLY
michelangeli_stability,v2.2,macro_calm_radiative,22:00,1176,40,1216,1,0.05571847507331378,0.0008223684210526315,0.0,0.7778403927124612,0.0974627786174116,3.935419638676194,69.18286029000991,0.8441558441558441,0.5851972165663839,0.6199137627052295,0.984523193315809,0.523509298265365,false,EXPERIMENT_ONLY
michelangeli_stability,v2.2,macro_calm_radiative,23:00,1005,32,1037,1,0.04751649560117302,0.0009643201542912247,0.0,0.7187389465707869,0.0974627786174116,3.935419638676194,69.18286029000991,0.8441558441558441,0.5851972165663839,0.6199137627052295,0.984523193315809,0.523509298265365,false,EXPERIMENT_ONLY
michelangeli_stability,v2.2,macro_calm_radiative,21:00,1326,45,1371,1,0.06282074780058651,0.0007293946024799417,0.0,0.8380037018439386,0.0974627786174116,3.935419638676194,69.18286029000991,0.8441558441558441,0.5851972165663839,0.6199137627052295,0.984523193315809,0.523509298265365,false,EXPERIMENT_ONLY
michelangeli_stability,v2.2,macro_nw_continuum,21:00,2615,68,2683,0,0.12293804985337244,0.0,0.0,0.8499890528171054,0.0974627786174116,3.935419638676194,69.18286029000991,0.8441558441558441,0.5851972165663839,0.6199137627052295,0.984523193315809,0.523509298265365,false,EXPERIMENT_ONLY
michelangeli_stability,v2.2,macro_nw_continuum,22:00,2775,74,2849,0,0.1305443548387097,0.0,0.0,0.8927526170025495,0.0974627786174116,3.935419638676194,69.18286029000991,0.8441558441558441,0.5851972165663839,0.6199137627052295,0.984523193315809,0.523509298265365,false,EXPERIMENT_ONLY
michelangeli_stability,v2.2,macro_nw_continuum,23:00,2950,79,3029,0,0.13879215542521994,0.0,0.0,0.9108711385195121,0.0974627786174116,3.935419638676194,69.18286029000991,0.8441558441558441,0.5851972165663839,0.6199137627052295,0.984523193315809,0.523509298265365,false,EXPERIMENT_ONLY
michelangeli_stability,v2.2,macro_nw_continuum,20:00,2452,64,2516,0,0.11528592375366568,0.0,0.0,0.8076163988196706,0.0974627786174116,3.935419638676194,69.18286029000991,0.8441558441558441,0.5851972165663839,0.6199137627052295,0.984523193315809,0.523509298265365,false,EXPERIMENT_ONLY
michelangeli_stability,v2.2,macro_southerly_flow,23:00,1347,43,1390,0,0.06369134897360704,0.0,0.0,0.7724201578204869,0.0974627786174116,3.935419638676194,69.18286029000991,0.8441558441558441,0.5851972165663839,0.6199137627052295,0.984523193315809,0.523509298265365,false,EXPERIMENT_ONLY
michelangeli_stability,v2.2,macro_southerly_flow,20:00,1394,42,1436,0,0.0657991202346041,0.0,0.0,0.8247561956059151,0.0974627786174116,3.935419638676194,69.18286029000991,0.8441558441558441,0.5851972165663839,0.6199137627052295,0.984523193315809,0.523509298265365,false,EXPERIMENT_ONLY
michelangeli_stability,v2.2,macro_southerly_flow,22:00,1351,40,1391,0,0.06373717008797654,0.0,0.0,0.792903232742207,0.0974627786174116,3.935419638676194,69.18286029000991,0.8441558441558441,0.5851972165663839,0.6199137627052295,0.984523193315809,0.523509298265365,false,EXPERIMENT_ONLY
michelangeli_stability,v2.2,macro_southerly_flow,21:00,1361,41,1402,0,0.06424120234604105,0.0,0.0,0.817264407533231,0.0974627786174116,3.935419638676194,69.18286029000991,0.8441558441558441,0.5851972165663839,0.6199137627052295,0.984523193315809,0.523509298265365,false,EXPERIMENT_ONLY
