month,regime_label,cp,cooling_mechanism,n_rows,mean_remaining_warming,mean_tmax_anomaly,fixed_minus_2_trigger_rate,median_min_delta_t_per_h,underpowered_n_lt_30
1,calm_radiative,20:00,no_material_cooling,16,2.6875,-2.90223029045643,0.0,0.0,true
1,calm_radiative,21:00,no_material_cooling,16,2.6875,-2.65223029045643,0.0,-0.5,true
1,calm_radiative,22:00,no_material_cooling,16,2.1875,-2.21473029045643,0.0,-1.0,true
1,calm_radiative,23:00,no_material_cooling,15,1.7333333333333334,-2.2980636237897634,0.0,-1.0,true
1,insufficient,20:00,insufficient_obs,4,0.0,-1.9647302904564299,0.0,,true
1,insufficient,21:00,insufficient_obs,4,0.0,-1.9647302904564299,0.0,,true
1,insufficient,22:00,insufficient_obs,4,0.0,-1.9647302904564299,0.0,,true
1,insufficient,23:00,insufficient_obs,4,0.0,-1.9647302904564299,0.0,,true
1,southerly_disrupted,20:00,ambiguous_cooling,17,1.1176470588235294,-1.2000244081034888,1.0,-4.0,true
1,southerly_disrupted,20:00,no_material_cooling,327,3.6513761467889907,0.13618714073623067,0.0,-2.0,false
1,southerly_disrupted,20:00,radiative_pre_dawn,8,6.375,1.7852697095435701,1.0,-4.0,true
1,southerly_disrupted,20:00,southerly_frontal,6,0.8333333333333334,-3.2980636237897634,1.0,-4.0,true
1,southerly_disrupted,21:00,ambiguous_cooling,17,1.0,-1.2000244081034888,1.0,-4.0,true
1,southerly_disrupted,21:00,no_material_cooling,333,2.906906906906907,0.14337781765167823,0.0,-2.0,false
1,southerly_disrupted,21:00,post_dawn_advective,2,3.0,0.5352697095435701,1.0,-4.5,true
1,southerly_disrupted,21:00,radiative_pre_dawn,8,5.0,1.7852697095435701,1.0,-4.0,true
1,southerly_disrupted,21:00,southerly_frontal,7,0.8571428571428571,-2.96473029045643,1.0,-4.0,true
1,southerly_disrupted,22:00,ambiguous_cooling,17,0.9411764705882353,-1.2000244081034888,1.0,-4.0,true
1,southerly_disrupted,22:00,no_material_cooling,327,2.217125382262997,0.11783851688301966,0.0,-2.0,false
1,southerly_disrupted,22:00,post_dawn_advective,12,2.4166666666666665,1.7852697095435701,1.0,-4.0,true
1,southerly_disrupted,22:00,radiative_pre_dawn,8,3.625,1.7852697095435701,1.0,-4.0,true
1,southerly_disrupted,22:00,southerly_frontal,10,0.8,-3.06473029045643,1.0,-4.0,true
1,southerly_disrupted,23:00,ambiguous_cooling,17,0.9411764705882353,-1.2000244081034888,1.0,-4.0,true
1,southerly_disrupted,23:00,no_material_cooling,320,1.696875,0.11964470954357012,0.0,-2.0,false
1,southerly_disrupted,23:00,post_dawn_advective,26,1.5384615384615385,0.9198850941589547,1.0,-4.0,true
1,southerly_disrupted,23:00,radiative_pre_dawn,8,2.125,1.7852697095435701,1.0,-4.0,true
1,southerly_disrupted,23:00,southerly_frontal,12,0.5,-2.5480636237897634,1.0,-4.0,true
1,standard_nw,20:00,no_material_cooling,62,3.9193548387096775,0.5997858385758282,0.0,-1.0,false
1,standard_nw,21:00,no_material_cooling,52,3.1153846153846154,0.6314235556974163,0.0,-1.0,false
1,standard_nw,22:00,no_material_cooling,44,2.4545454545454546,0.46708789136175194,0.0,-1.0,false
1,standard_nw,23:00,no_material_cooling,35,1.9428571428571428,0.3495554238292844,0.0,-1.0,false
1,strong_nw_foehn,20:00,no_material_cooling,42,3.2857142857142856,-0.036158861885001316,0.0,0.0,false
1,strong_nw_foehn,21:00,no_material_cooling,43,2.627906976744186,-0.10426517417736011,0.0,0.0,false
1,strong_nw_foehn,22:00,no_material_cooling,44,1.9545454545454546,-0.010184835910975338,0.0,0.0,false
1,strong_nw_foehn,23:00,no_material_cooling,45,1.6222222222222222,0.10193637621023678,0.0,0.0,false
2,calm_radiative,20:00,no_material_cooling,16,3.125,-2.232311320754718,0.0,-1.0,true
2,calm_radiative,21:00,no_material_cooling,16,2.625,-2.232311320754718,0.0,-1.0,true
2,calm_radiative,22:00,no_material_cooling,15,2.3333333333333335,-2.3781446540880515,0.0,-1.0,true
2,calm_radiative,23:00,no_material_cooling,15,1.2666666666666666,-2.844811320754718,0.0,-1.0,true
2,insufficient,20:00,insufficient_obs,2,,-1.044811320754718,0.0,,true
2,insufficient,21:00,insufficient_obs,2,,-1.044811320754718,0.0,,true
2,insufficient,22:00,insufficient_obs,2,2.0,-1.044811320754718,0.0,,true
2,insufficient,23:00,insufficient_obs,1,,-1.044811320754718,0.0,,true
2,southerly_disrupted,20:00,ambiguous_cooling,8,3.0,0.45518867924528195,1.0,-4.0,true
2,southerly_disrupted,20:00,no_material_cooling,310,3.664516129032258,0.0035757760194754947,0.0,-2.0,false
2,southerly_disrupted,20:00,radiative_pre_dawn,13,5.615384615384615,0.26288098693758966,1.0,-4.0,true
2,southerly_disrupted,20:00,southerly_frontal,8,0.625,-2.169811320754718,1.0,-4.0,true
2,southerly_disrupted,21:00,ambiguous_cooling,8,2.75,0.45518867924528195,1.0,-4.0,true
2,southerly_disrupted,21:00,no_material_cooling,307,2.980456026058632,-0.005723372871981897,0.0,-2.0,false
2,southerly_disrupted,21:00,post_dawn_advective,4,1.0,0.20518867924528195,1.0,-4.0,true
2,southerly_disrupted,21:00,radiative_pre_dawn,13,4.538461538461538,0.26288098693758966,1.0,-4.0,true
2,southerly_disrupted,21:00,southerly_frontal,8,0.625,-2.169811320754718,1.0,-4.0,true
2,southerly_disrupted,22:00,ambiguous_cooling,8,2.125,0.45518867924528195,1.0,-4.0,true
2,southerly_disrupted,22:00,no_material_cooling,308,2.155844155844156,-0.022084048027445326,0.0,-2.0,false
2,southerly_disrupted,22:00,post_dawn_advective,8,1.75,1.455188679245282,1.0,-4.0,true
2,southerly_disrupted,22:00,radiative_pre_dawn,13,3.3846153846153846,0.26288098693758966,1.0,-4.0,true
2,southerly_disrupted,22:00,southerly_frontal,8,0.625,-2.169811320754718,1.0,-4.0,true
2,southerly_disrupted,23:00,ambiguous_cooling,8,1.75,0.45518867924528195,1.0,-4.0,true
2,southerly_disrupted,23:00,no_material_cooling,304,1.5855263157894737,0.04071499503475563,0.0,-2.0,false
2,southerly_disrupted,23:00,post_dawn_advective,13,1.5384615384615385,1.1859579100145128,1.0,-4.0,true
2,southerly_disrupted,23:00,radiative_pre_dawn,13,2.3846153846153846,0.26288098693758966,1.0,-4.0,true
2,southerly_disrupted,23:00,southerly_frontal,12,0.3333333333333333,-2.544811320754718,1.0,-4.0,true
2,standard_nw,20:00,no_material_cooling,47,4.319148936170213,0.6785929345644309,0.0,0.0,false
2,standard_nw,21:00,no_material_cooling,47,3.4680851063829787,0.6785929345644309,0.0,0.0,false
2,standard_nw,22:00,no_material_cooling,40,2.55,0.6551886792452819,0.0,-1.0,false
2,standard_nw,23:00,no_material_cooling,36,1.8888888888888888,0.6496331236897264,0.0,-1.0,false
2,strong_nw_foehn,20:00,no_material_cooling,20,3.35,0.755188679245282,0.0,0.0,true
2,strong_nw_foehn,21:00,no_material_cooling,19,2.9473684210526314,0.9025571002979135,0.0,0.0,true
2,strong_nw_foehn,22:00,no_material_cooling,22,2.0,0.7733704974271002,0.0,0.0,true
2,strong_nw_foehn,23:00,no_material_cooling,22,1.2272727272727273,0.7279159519725547,0.0,0.0,true
3,calm_radiative,20:00,no_material_cooling,13,3.1538461538461537,-1.0588916459884194,0.0,0.0,true
3,calm_radiative,21:00,no_material_cooling,13,3.0,-1.0588916459884194,0.0,0.0,true
3,calm_radiative,22:00,no_material_cooling,13,2.5384615384615383,-1.0588916459884194,0.0,0.0,true
3,calm_radiative,23:00,no_material_cooling,12,2.3333333333333335,-1.1870967741935476,0.0,0.0,true
3,southerly_disrupted,20:00,ambiguous_cooling,9,2.6666666666666665,0.4795698924731191,1.0,-4.0,true
3,southerly_disrupted,20:00,no_material_cooling,331,3.3353474320241694,-0.14580775103141264,0.0,-2.0,false
3,southerly_disrupted,20:00,radiative_pre_dawn,16,5.0,-0.020430107526880903,1.0,-4.0,true
3,southerly_disrupted,20:00,southerly_frontal,12,1.0833333333333333,-1.520430107526881,1.0,-6.0,true
3,southerly_disrupted,21:00,ambiguous_cooling,9,2.6666666666666665,0.4795698924731191,1.0,-4.0,true
3,southerly_disrupted,21:00,no_material_cooling,334,2.802395209580838,-0.14019058656879707,0.0,-2.0,false
3,southerly_disrupted,21:00,post_dawn_advective,3,0.6666666666666666,-0.5204301075268809,1.0,-4.0,true
3,southerly_disrupted,21:00,radiative_pre_dawn,16,4.4375,-0.020430107526880903,1.0,-4.0,true
3,southerly_disrupted,21:00,southerly_frontal,12,1.0833333333333333,-1.520430107526881,1.0,-6.0,true
3,southerly_disrupted,22:00,ambiguous_cooling,9,2.2222222222222223,0.4795698924731191,1.0,-4.0,true
3,southerly_disrupted,22:00,no_material_cooling,337,2.0089020771513355,-0.11983663571679187,0.0,-2.0,false
3,southerly_disrupted,22:00,post_dawn_advective,5,0.4,0.2795698924731191,1.0,-4.0,true
3,southerly_disrupted,22:00,radiative_pre_dawn,16,3.25,-0.020430107526880903,1.0,-4.0,true
3,southerly_disrupted,22:00,southerly_frontal,13,1.0769230769230769,-1.7511993382961117,1.0,-6.0,true
3,southerly_disrupted,23:00,ambiguous_cooling,9,1.7777777777777777,0.4795698924731191,1.0,-4.0,true
3,southerly_disrupted,23:00,no_material_cooling,333,1.4354354354354355,-0.11202169911847248,0.0,-2.0,false
3,southerly_disrupted,23:00,post_dawn_advective,8,0.0,0.6045698924731191,1.0,-5.0,true
3,southerly_disrupted,23:00,radiative_pre_dawn,16,2.125,-0.020430107526880903,1.0,-4.0,true
3,southerly_disrupted,23:00,southerly_frontal,17,0.7647058823529411,-1.285135989879822,1.0,-6.0,true
3,standard_nw,20:00,no_material_cooling,64,3.90625,0.8545698924731191,0.0,-1.0,false
3,standard_nw,21:00,no_material_cooling,61,3.3278688524590163,0.9385862859157421,0.0,-1.0,false
3,standard_nw,22:00,no_material_cooling,55,2.6,0.97047898338221,0.0,-1.0,false
3,standard_nw,23:00,no_material_cooling,52,1.75,0.9026468155500422,0.0,-1.0,false
3,strong_nw_foehn,20:00,no_material_cooling,20,3.05,1.0795698924731192,0.0,0.0,true
3,strong_nw_foehn,21:00,no_material_cooling,17,2.6470588235294117,1.1266287160025308,0.0,0.0,true
3,strong_nw_foehn,22:00,no_material_cooling,17,2.2941176470588234,1.067805186590766,0.0,0.0,true
3,strong_nw_foehn,23:00,no_material_cooling,18,1.4444444444444444,0.9795698924731191,0.0,0.0,true
4,calm_radiative,20:00,no_material_cooling,15,2.066666666666667,-1.3303834808259605,0.0,-1.0,true
4,calm_radiative,21:00,no_material_cooling,15,1.8,-1.3303834808259605,0.0,-1.0,true
4,calm_radiative,22:00,no_material_cooling,13,1.2307692307692308,-1.50987066031314,0.0,-1.0,true
4,calm_radiative,23:00,no_material_cooling,12,0.6666666666666666,-1.3303834808259605,0.0,-1.0,true
4,insufficient,20:00,insufficient_obs,2,1.5,-3.1637168141592937,0.0,,true
4,insufficient,20:00,no_material_cooling,2,1.5,0.8362831858407063,0.0,0.0,true
4,insufficient,21:00,insufficient_obs,1,0.0,-5.663716814159294,0.0,,true
4,insufficient,21:00,no_material_cooling,1,0.0,0.33628318584070627,0.0,0.0,true
4,insufficient,22:00,insufficient_obs,1,0.0,-5.663716814159294,0.0,,true
4,insufficient,22:00,no_material_cooling,1,0.0,0.33628318584070627,0.0,0.0,true
4,insufficient,23:00,insufficient_obs,1,0.0,-5.663716814159294,0.0,,true
4,insufficient,23:00,no_material_cooling,1,0.0,0.33628318584070627,0.0,0.0,true
4,southerly_disrupted,20:00,ambiguous_cooling,11,1.0,0.518101367658888,1.0,-4.0,true
4,southerly_disrupted,20:00,no_material_cooling,309,2.9223300970873787,-0.13944496949909957,0.0,-2.0,false
4,southerly_disrupted,20:00,radiative_pre_dawn,18,4.388888888888889,-0.49705014749262705,1.0,-4.0,true
4,southerly_disrupted,20:00,southerly_frontal,9,0.3333333333333333,-1.1081612586037382,1.0,-4.0,true
4,southerly_disrupted,21:00,ambiguous_cooling,12,1.0833333333333333,0.6696165191740396,1.0,-4.0,true
4,southerly_disrupted,21:00,no_material_cooling,311,2.5659163987138265,-0.14924736078308795,0.0,-2.0,false
4,southerly_disrupted,21:00,radiative_pre_dawn,18,4.111111111111111,-0.49705014749262705,1.0,-4.0,true
4,southerly_disrupted,21:00,southerly_frontal,9,0.3333333333333333,-1.1081612586037382,1.0,-4.0,true
4,southerly_disrupted,22:00,ambiguous_cooling,12,1.0833333333333333,0.6696165191740396,1.0,-4.0,true
4,southerly_disrupted,22:00,no_material_cooling,311,1.9035369774919615,-0.1363856244486828,0.0,-2.0,false
4,southerly_disrupted,22:00,radiative_pre_dawn,18,2.9444444444444446,-0.49705014749262705,1.0,-4.0,true
4,southerly_disrupted,22:00,southerly_frontal,10,0.3,-1.4637168141592938,1.0,-4.0,true
4,southerly_disrupted,23:00,ambiguous_cooling,12,0.8333333333333334,0.6696165191740396,1.0,-4.0,true
4,southerly_disrupted,23:00,no_material_cooling,321,1.146417445482866,-0.13100653378546195,0.0,-2.0,false
4,southerly_disrupted,23:00,radiative_pre_dawn,18,2.0,-0.49705014749262705,1.0,-4.0,true
4,southerly_disrupted,23:00,southerly_frontal,13,0.23076923076923078,-0.5867937372362169,1.0,-4.0,true
4,standard_nw,20:00,no_material_cooling,64,3.453125,0.9456581858407063,0.0,0.0,false
4,standard_nw,21:00,no_material_cooling,61,3.098360655737705,1.00841433338169,0.0,0.0,false
4,standard_nw,22:00,no_material_cooling,58,2.413793103448276,1.0431797375648442,0.0,0.0,false
4,standard_nw,23:00,no_material_cooling,47,1.702127659574468,0.9745810581811318,0.0,0.0,false
4,strong_nw_foehn,20:00,no_material_cooling,22,2.5454545454545454,0.9271922767497972,0.0,0.0,true
4,strong_nw_foehn,21:00,no_material_cooling,24,2.1666666666666665,0.8779498525073729,0.0,0.0,true
4,strong_nw_foehn,22:00,no_material_cooling,28,1.75,0.8005689001264206,0.0,0.0,true
4,strong_nw_foehn,23:00,no_material_cooling,27,1.1111111111111112,0.9659128154703359,0.0,0.0,true
5,calm_radiative,20:00,no_material_cooling,9,1.7777777777777777,-1.9102564102564097,0.0,-1.0,true
5,calm_radiative,21:00,no_material_cooling,9,1.7777777777777777,-1.9102564102564097,0.0,-1.0,true
5,calm_radiative,22:00,no_material_cooling,9,1.5555555555555556,-1.354700854700854,0.0,-1.0,true
5,calm_radiative,23:00,no_material_cooling,8,0.875,-1.4380341880341874,0.0,-1.0,true
5,insufficient,20:00,insufficient_obs,3,0.0,-2.021367521367521,0.0,,true
5,insufficient,21:00,insufficient_obs,3,0.0,-2.021367521367521,0.0,,true
5,insufficient,22:00,insufficient_obs,3,0.0,-2.021367521367521,0.0,,true
5,insufficient,23:00,insufficient_obs,3,0.0,-2.021367521367521,0.0,,true
5,southerly_disrupted,20:00,ambiguous_cooling,10,0.8,-0.18803418803418737,1.0,-4.0,true
5,southerly_disrupted,20:00,no_material_cooling,328,2.451219512195122,0.0955023973316663,0.0,-2.0,false
5,southerly_disrupted,20:00,radiative_pre_dawn,33,2.8484848484848486,-0.8395493395493389,1.0,-4.0,false
5,southerly_disrupted,20:00,southerly_frontal,10,0.5,-1.6880341880341874,1.0,-6.0,true
5,southerly_disrupted,21:00,ambiguous_cooling,11,0.8181818181818182,-0.3243978243978237,1.0,-4.0,true
5,southerly_disrupted,21:00,no_material_cooling,329,2.303951367781155,0.11439742290806187,0.0,-2.0,false
5,southerly_disrupted,21:00,radiative_pre_dawn,33,2.727272727272727,-0.8395493395493389,1.0,-4.0,false
5,southerly_disrupted,21:00,southerly_frontal,11,0.5454545454545454,-2.051670551670551,1.0,-6.0,true
5,southerly_disrupted,22:00,ambiguous_cooling,11,0.6363636363636364,-0.3243978243978237,1.0,-4.0,true
5,southerly_disrupted,22:00,no_material_cooling,328,1.8414634146341464,0.14428288513654433,0.0,-2.0,false
5,southerly_disrupted,22:00,post_dawn_advective,1,0.0,1.3119658119658126,1.0,-6.0,true
5,southerly_disrupted,22:00,radiative_pre_dawn,33,2.3333333333333335,-0.8395493395493389,1.0,-4.0,false
5,southerly_disrupted,22:00,southerly_frontal,15,0.4666666666666667,-2.354700854700854,1.0,-6.0,true
5,southerly_disrupted,23:00,ambiguous_cooling,10,0.5,-0.28803418803418734,1.0,-4.0,true
5,southerly_disrupted,23:00,no_material_cooling,330,1.2393939393939395,0.17257187257187323,0.0,-2.0,false
5,southerly_disrupted,23:00,post_dawn_advective,3,0.3333333333333333,-0.6880341880341874,1.0,-6.0,true
5,southerly_disrupted,23:00,radiative_pre_dawn,33,1.8181818181818181,-0.8395493395493389,1.0,-4.0,false
5,southerly_disrupted,23:00,southerly_frontal,16,0.5,-2.3130341880341874,1.0,-6.0,true
5,standard_nw,20:00,no_material_cooling,55,3.618181818181818,0.4210567210567217,0.0,0.0,false
5,standard_nw,21:00,no_material_cooling,52,3.5576923076923075,0.4850427350427357,0.0,-1.0,false
5,standard_nw,22:00,no_material_cooling,48,3.0208333333333335,0.43696581196581263,0.0,-1.0,false
5,standard_nw,23:00,no_material_cooling,46,2.1956521739130435,0.37718320327016047,0.0,-1.0,false
5,strong_nw_foehn,20:00,no_material_cooling,20,2.1,0.7619658119658126,0.0,0.0,true
5,strong_nw_foehn,21:00,no_material_cooling,20,2.0,0.7119658119658127,0.0,0.0,true
5,strong_nw_foehn,22:00,no_material_cooling,20,1.65,0.7619658119658126,0.0,0.0,true
5,strong_nw_foehn,23:00,no_material_cooling,19,1.105263157894737,0.6803868645973916,0.0,0.0,true
6,calm_radiative,20:00,no_material_cooling,8,1.25,-0.020491803278687826,0.0,0.0,true
6,calm_radiative,21:00,no_material_cooling,9,1.4444444444444444,0.007285974499089952,0.0,0.0,true
6,calm_radiative,22:00,no_material_cooling,8,1.375,-0.020491803278687826,0.0,0.0,true
6,calm_radiative,23:00,no_material_cooling,8,1.0,-0.020491803278687826,0.0,0.0,true
6,insufficient,20:00,insufficient_obs,4,0.0,0.22950819672131217,0.0,,true
6,insufficient,21:00,insufficient_obs,4,0.0,0.22950819672131217,0.0,,true
6,insufficient,22:00,insufficient_obs,4,0.0,0.22950819672131217,0.0,,true
6,insufficient,23:00,insufficient_obs,4,0.0,0.22950819672131217,0.0,,true
6,southerly_disrupted,20:00,ambiguous_cooling,13,1.3846153846153846,1.2295081967213122,1.0,-4.0,true
6,southerly_disrupted,20:00,no_material_cooling,308,2.0844155844155843,-0.17633595912284367,0.0,-2.0,false
6,southerly_disrupted,20:00,radiative_pre_dawn,29,3.793103448275862,-0.14980214810627404,1.0,-4.0,true
6,southerly_disrupted,20:00,southerly_frontal,6,0.5,-0.10382513661202115,1.0,-4.0,true
6,southerly_disrupted,21:00,ambiguous_cooling,13,1.3846153846153846,1.2295081967213122,1.0,-4.0,true
6,southerly_disrupted,21:00,no_material_cooling,311,1.9485530546623795,-0.16920562964524732,0.0,-2.0,false
6,southerly_disrupted,21:00,radiative_pre_dawn,29,3.7241379310344827,-0.14980214810627404,1.0,-4.0,true
6,southerly_disrupted,21:00,southerly_frontal,7,0.42857142857142855,0.5152224824355979,1.0,-4.0,true
6,southerly_disrupted,22:00,ambiguous_cooling,13,1.3846153846153846,1.2295081967213122,1.0,-4.0,true
6,southerly_disrupted,22:00,no_material_cooling,313,1.610223642172524,-0.17624260200073255,0.0,-2.0,false
6,southerly_disrupted,22:00,post_dawn_advective,1,0.0,3.229508196721312,1.0,-6.0,true
6,southerly_disrupted,22:00,radiative_pre_dawn,29,3.1724137931034484,-0.14980214810627404,1.0,-4.0,true
6,southerly_disrupted,22:00,southerly_frontal,7,0.42857142857142855,0.5152224824355979,1.0,-4.0,true
6,southerly_disrupted,23:00,ambiguous_cooling,13,1.0769230769230769,1.2295081967213122,1.0,-4.0,true
6,southerly_disrupted,23:00,no_material_cooling,315,1.1650793650793652,-0.15461878740567195,0.0,-2.0,false
6,southerly_disrupted,23:00,post_dawn_advective,1,0.0,3.229508196721312,1.0,-6.0,true
6,southerly_disrupted,23:00,radiative_pre_dawn,29,2.5517241379310347,-0.14980214810627404,1.0,-4.0,true
6,southerly_disrupted,23:00,southerly_frontal,8,0.375,0.3545081967213122,1.0,-4.0,true
6,standard_nw,20:00,no_material_cooling,39,3.076923076923077,0.4346364018495173,0.0,-1.0,false
6,standard_nw,21:00,no_material_cooling,37,3.027027027027027,0.47275143996455543,0.0,-1.0,false
6,standard_nw,22:00,no_material_cooling,35,2.5714285714285716,0.5152224824355979,0.0,-1.0,false
6,standard_nw,23:00,no_material_cooling,29,2.103448275862069,0.2984737139626915,0.0,-1.0,true
6,strong_nw_foehn,20:00,no_material_cooling,20,1.75,1.2795081967213122,0.0,0.0,true
6,strong_nw_foehn,21:00,no_material_cooling,17,1.588235294117647,1.1118611378977827,0.0,0.0,true
6,strong_nw_foehn,22:00,no_material_cooling,17,1.411764705882353,1.053037608486018,0.0,0.0,true
6,strong_nw_foehn,23:00,no_material_cooling,20,0.8,1.0795081967213123,0.0,0.0,true
7,calm_radiative,20:00,no_material_cooling,12,1.8333333333333333,-1.618390804597701,0.0,-0.5,true
7,calm_radiative,21:00,no_material_cooling,11,1.6363636363636365,-1.4971786833855796,0.0,-1.0,true
7,calm_radiative,22:00,no_material_cooling,10,1.4,-1.351724137931034,0.0,-1.0,true
7,calm_radiative,23:00,no_material_cooling,10,1.1,-1.351724137931034,0.0,-1.0,true
7,insufficient,20:00,insufficient_obs,4,,-1.2017241379310342,0.0,,true
7,insufficient,21:00,insufficient_obs,4,3.0,-1.2017241379310342,0.0,,true
7,insufficient,22:00,insufficient_obs,3,,-0.6183908045977008,0.0,,true
7,insufficient,23:00,insufficient_obs,3,,-0.6183908045977008,0.0,,true
7,southerly_disrupted,20:00,ambiguous_cooling,13,2.5384615384615383,0.2021220159151197,1.0,-4.0,true
7,southerly_disrupted,20:00,no_material_cooling,299,2.277591973244147,-0.021958251643408744,0.0,-2.0,false
7,southerly_disrupted,20:00,radiative_pre_dawn,39,3.358974358974359,0.2790450928381966,1.0,-4.0,false
7,southerly_disrupted,20:00,southerly_frontal,10,0.6,-2.751724137931034,1.0,-4.0,true
7,southerly_disrupted,21:00,ambiguous_cooling,13,2.5384615384615383,0.2021220159151197,1.0,-4.0,true
7,southerly_disrupted,21:00,no_material_cooling,305,2.183606557377049,-0.01401921989824728,0.0,-2.0,false
7,southerly_disrupted,21:00,radiative_pre_dawn,39,3.2564102564102564,0.2790450928381966,1.0,-4.0,false
7,southerly_disrupted,21:00,southerly_frontal,10,0.6,-2.751724137931034,1.0,-4.0,true
7,southerly_disrupted,22:00,ambiguous_cooling,13,2.230769230769231,0.2021220159151197,1.0,-4.0,true
7,southerly_disrupted,22:00,no_material_cooling,307,1.794788273615635,-0.016870717735594426,0.0,-2.0,false
7,southerly_disrupted,22:00,post_dawn_advective,1,2.0,-1.9517241379310342,1.0,-4.0,true
7,southerly_disrupted,22:00,radiative_pre_dawn,39,2.8461538461538463,0.2790450928381966,1.0,-4.0,false
7,southerly_disrupted,22:00,southerly_frontal,10,0.6,-2.751724137931034,1.0,-4.0,true
7,southerly_disrupted,23:00,ambiguous_cooling,13,1.6153846153846154,0.2021220159151197,1.0,-4.0,true
7,southerly_disrupted,23:00,no_material_cooling,307,1.3159609120521172,-0.016870717735594426,0.0,-2.0,false
7,southerly_disrupted,23:00,post_dawn_advective,1,1.0,-1.9517241379310342,1.0,-4.0,true
7,southerly_disrupted,23:00,radiative_pre_dawn,39,2.1538461538461537,0.2790450928381966,1.0,-4.0,false
7,southerly_disrupted,23:00,southerly_frontal,10,0.6,-2.751724137931034,1.0,-4.0,true
7,standard_nw,20:00,no_material_cooling,44,3.3181818181818183,0.6391849529780568,0.0,-1.0,false
7,standard_nw,21:00,no_material_cooling,41,3.2439024390243905,0.5360807401177463,0.0,-1.0,false
7,standard_nw,22:00,no_material_cooling,42,2.8095238095238093,0.5482758620689658,0.0,-1.0,false
7,standard_nw,23:00,no_material_cooling,42,1.7857142857142858,0.5482758620689658,0.0,-1.0,false
7,strong_nw_foehn,20:00,no_material_cooling,14,1.5,1.1911330049261086,0.0,0.0,true
7,strong_nw_foehn,21:00,no_material_cooling,12,1.4166666666666667,1.4649425287356326,0.0,0.0,true
7,strong_nw_foehn,22:00,no_material_cooling,10,0.9,1.3482758620689659,0.0,0.0,true
7,strong_nw_foehn,23:00,no_material_cooling,10,0.5,1.3482758620689659,0.0,0.0,true
8,calm_radiative,20:00,no_material_cooling,15,2.2666666666666666,-0.08464419475655435,0.0,0.0,true
8,calm_radiative,21:00,no_material_cooling,16,2.1875,0.032022471910112316,0.0,-0.5,true
8,calm_radiative,22:00,no_material_cooling,16,1.8125,-0.15547752808988768,0.0,-0.5,true
8,calm_radiative,23:00,no_material_cooling,19,1.4736842105263157,-0.0074512123004140006,0.0,-1.0,true
8,insufficient,20:00,insufficient_obs,3,0.0,-2.884644194756554,0.0,,true
8,insufficient,20:00,no_material_cooling,1,4.0,-0.21797752808988768,0.0,-1.0,true
8,insufficient,21:00,insufficient_obs,3,0.0,-2.884644194756554,0.0,,true
8,insufficient,22:00,insufficient_obs,3,0.0,-2.884644194756554,0.0,,true
8,insufficient,23:00,insufficient_obs,3,0.0,-2.884644194756554,0.0,,true
8,southerly_disrupted,20:00,ambiguous_cooling,6,2.0,-1.051310861423221,1.0,-4.0,true
8,southerly_disrupted,20:00,no_material_cooling,300,2.6566666666666667,-0.05797752808988768,0.0,-2.0,false
8,southerly_disrupted,20:00,radiative_pre_dawn,26,3.730769230769231,-0.2949006050129646,1.0,-4.0,true
8,southerly_disrupted,20:00,southerly_frontal,12,1.0833333333333333,-2.884644194756554,1.0,-4.0,true
8,southerly_disrupted,21:00,ambiguous_cooling,8,1.5,-0.8429775280898877,1.0,-4.0,true
8,southerly_disrupted,21:00,no_material_cooling,301,2.4186046511627906,-0.06183134868789433,0.0,-2.0,false
8,southerly_disrupted,21:00,radiative_pre_dawn,26,3.5,-0.2949006050129646,1.0,-4.0,true
8,southerly_disrupted,21:00,southerly_frontal,12,1.0833333333333333,-2.884644194756554,1.0,-4.0,true
8,southerly_disrupted,22:00,ambiguous_cooling,8,1.5,-0.8429775280898877,1.0,-4.0,true
8,southerly_disrupted,22:00,no_material_cooling,301,1.8338870431893688,-0.04854231214304383,0.0,-2.0,false
8,southerly_disrupted,22:00,post_dawn_advective,1,0.0,0.7820224719101123,1.0,-4.0,true
8,southerly_disrupted,22:00,radiative_pre_dawn,26,3.0384615384615383,-0.2949006050129646,1.0,-4.0,true
8,southerly_disrupted,22:00,southerly_frontal,13,0.8461538461538461,-2.6795159896283494,1.0,-4.0,true
8,southerly_disrupted,23:00,ambiguous_cooling,8,1.25,-0.8429775280898877,1.0,-4.0,true
8,southerly_disrupted,23:00,no_material_cooling,298,1.2684563758389262,-0.056903702586531976,0.0,-2.0,false
8,southerly_disrupted,23:00,post_dawn_advective,3,0.6666666666666666,1.448689138576779,1.0,-4.0,true
8,southerly_disrupted,23:00,radiative_pre_dawn,26,2.076923076923077,-0.2949006050129646,1.0,-4.0,true
8,southerly_disrupted,23:00,southerly_frontal,13,0.7692307692307693,-2.6795159896283494,1.0,-4.0,true
8,standard_nw,20:00,no_material_cooling,68,3.073529411764706,0.7673165895571712,0.0,-1.0,false
8,standard_nw,21:00,no_material_cooling,66,2.9545454545454546,0.8123255022131426,0.0,-1.0,false
8,standard_nw,22:00,no_material_cooling,63,2.3333333333333335,0.7978954877831282,0.0,-1.0,false
8,standard_nw,23:00,no_material_cooling,61,1.6557377049180328,0.7820224719101123,0.0,-1.0,false
8,strong_nw_foehn,20:00,no_material_cooling,14,2.0714285714285716,1.710593900481541,0.0,0.0,true
8,strong_nw_foehn,21:00,no_material_cooling,13,2.0,1.7050993949870352,0.0,0.0,true
8,strong_nw_foehn,22:00,no_material_cooling,14,1.5,1.710593900481541,0.0,0.0,true
8,strong_nw_foehn,23:00,no_material_cooling,14,1.0,1.6391653290529695,0.0,0.0,true
9,calm_radiative,20:00,no_material_cooling,12,2.75,-1.174444444444444,0.0,-1.0,true
9,calm_radiative,21:00,no_material_cooling,11,2.5454545454545454,-1.439595959595959,0.0,-1.0,true
9,calm_radiative,22:00,no_material_cooling,10,1.9,-1.1577777777777771,0.0,-0.5,true
9,calm_radiative,23:00,no_material_cooling,12,1.1666666666666667,-1.174444444444444,0.0,-1.0,true
9,southerly_disrupted,20:00,ambiguous_cooling,9,1.4444444444444444,-0.8133333333333328,1.0,-4.0,true
9,southerly_disrupted,20:00,no_material_cooling,287,2.696864111498258,-0.1358265582655821,0.0,-2.0,false
9,southerly_disrupted,20:00,radiative_pre_dawn,28,4.321428571428571,0.5636507936507942,1.0,-4.0,true
9,southerly_disrupted,20:00,southerly_frontal,10,0.6,-2.557777777777777,1.0,-4.0,true
9,southerly_disrupted,21:00,ambiguous_cooling,9,1.2222222222222223,-0.8133333333333328,1.0,-4.0,true
9,southerly_disrupted,21:00,no_material_cooling,292,2.2157534246575343,-0.10024353120243475,0.0,-2.0,false
9,southerly_disrupted,21:00,radiative_pre_dawn,28,3.8214285714285716,0.5636507936507942,1.0,-4.0,true
9,southerly_disrupted,21:00,southerly_frontal,11,0.5454545454545454,-2.8032323232323226,1.0,-4.0,true
9,southerly_disrupted,22:00,ambiguous_cooling,9,1.0,-0.8133333333333328,1.0,-4.0,true
9,southerly_disrupted,22:00,no_material_cooling,290,1.7,-0.11984674329501858,0.0,-2.0,false
9,southerly_disrupted,22:00,post_dawn_advective,4,0.25,0.7422222222222228,1.0,-4.0,true
9,southerly_disrupted,22:00,radiative_pre_dawn,28,2.7857142857142856,0.5636507936507942,1.0,-4.0,true
9,southerly_disrupted,22:00,southerly_frontal,12,0.5833333333333334,-2.6744444444444437,1.0,-4.0,true
9,southerly_disrupted,23:00,ambiguous_cooling,9,0.6666666666666666,-0.8133333333333328,1.0,-4.0,true
9,southerly_disrupted,23:00,no_material_cooling,289,1.221453287197232,-0.12282968089196407,0.0,-2.0,false
9,southerly_disrupted,23:00,post_dawn_advective,5,0.0,0.5422222222222228,1.0,-4.0,true
9,southerly_disrupted,23:00,radiative_pre_dawn,28,1.6071428571428572,0.5636507936507942,1.0,-4.0,true
9,southerly_disrupted,23:00,southerly_frontal,14,0.42857142857142855,-2.1863492063492056,1.0,-4.0,true
9,standard_nw,20:00,no_material_cooling,66,3.287878787878788,0.4846464646464652,0.0,0.0,false
9,standard_nw,21:00,no_material_cooling,62,2.9838709677419355,0.500286738351255,0.0,-0.16666666666666666,false
9,standard_nw,22:00,no_material_cooling,56,2.1607142857142856,0.4565079365079371,0.0,-0.16666666666666666,false
9,standard_nw,23:00,no_material_cooling,48,1.3958333333333333,0.47138888888888947,0.0,-1.0,false
9,strong_nw_foehn,20:00,no_material_cooling,38,2.6052631578947367,1.0053801169590648,0.0,0.0,false
9,strong_nw_foehn,21:00,no_material_cooling,37,2.108108108108108,0.9854654654654661,0.0,0.0,false
9,strong_nw_foehn,22:00,no_material_cooling,41,1.7073170731707317,1.010514905149052,0.0,0.0,false
9,strong_nw_foehn,23:00,no_material_cooling,45,1.1111111111111112,1.0311111111111118,0.0,0.0,false
10,calm_radiative,20:00,no_material_cooling,10,3.0,-1.893534482758621,0.0,0.0,true
10,calm_radiative,21:00,no_material_cooling,9,2.4444444444444446,-2.215756704980843,0.0,0.0,true
10,calm_radiative,22:00,no_material_cooling,12,1.75,-1.9102011494252877,0.0,0.0,true
10,calm_radiative,23:00,no_material_cooling,11,1.0,-2.0844435736677123,0.0,0.0,true
10,southerly_disrupted,20:00,ambiguous_cooling,7,2.2857142857142856,-0.7078201970443353,1.0,-4.0,true
10,southerly_disrupted,20:00,no_material_cooling,301,2.833887043189369,0.023076812922442128,0.0,-2.0,false
10,southerly_disrupted,20:00,radiative_pre_dawn,24,4.416666666666667,-0.07686781609195432,1.0,-4.0,true
10,southerly_disrupted,20:00,southerly_frontal,17,0.9411764705882353,-2.758240365111562,1.0,-4.0,true
10,southerly_disrupted,21:00,ambiguous_cooling,7,2.0,-0.7078201970443353,1.0,-4.0,true
10,southerly_disrupted,21:00,no_material_cooling,301,2.20265780730897,0.06626618169320625,0.0,-2.0,false
10,southerly_disrupted,21:00,post_dawn_advective,2,0.0,-1.993534482758621,1.0,-4.0,true
10,southerly_disrupted,21:00,radiative_pre_dawn,24,3.5416666666666665,-0.07686781609195432,1.0,-4.0,true
10,southerly_disrupted,21:00,southerly_frontal,19,0.8421052631578947,-2.6251134301270422,1.0,-4.0,true
10,southerly_disrupted,22:00,ambiguous_cooling,7,1.7142857142857142,-0.7078201970443353,1.0,-4.0,true
10,southerly_disrupted,22:00,no_material_cooling,303,1.6006600660066006,0.055970467736428504,0.0,-2.0,false
10,southerly_disrupted,22:00,post_dawn_advective,6,0.8333333333333334,0.17313218390804566,1.0,-4.0,true
10,southerly_disrupted,22:00,radiative_pre_dawn,24,2.5833333333333335,-0.07686781609195432,1.0,-4.0,true
10,southerly_disrupted,22:00,southerly_frontal,19,0.6842105263157895,-2.6251134301270422,1.0,-4.0,true
10,southerly_disrupted,23:00,ambiguous_cooling,7,1.4285714285714286,-0.7078201970443353,1.0,-4.0,true
10,southerly_disrupted,23:00,no_material_cooling,314,1.105095541401274,0.09245277838787581,0.0,-2.0,false
10,southerly_disrupted,23:00,post_dawn_advective,7,1.0,0.2921798029556647,1.0,-4.0,true
10,southerly_disrupted,23:00,radiative_pre_dawn,24,1.7083333333333333,-0.07686781609195432,1.0,-4.0,true
10,southerly_disrupted,23:00,southerly_frontal,20,0.45,-2.543534482758621,1.0,-4.0,true
10,standard_nw,20:00,no_material_cooling,57,3.245614035087719,0.8134830611010282,0.0,0.0,false
10,standard_nw,21:00,no_material_cooling,55,2.6363636363636362,0.7519200626959244,0.0,0.0,false
10,standard_nw,22:00,no_material_cooling,47,2.0,0.9000825385179747,0.0,0.0,false
10,standard_nw,23:00,no_material_cooling,41,1.4146341463414633,0.8113435660218669,0.0,0.0,false
10,strong_nw_foehn,20:00,no_material_cooling,48,2.6041666666666665,0.4022988505747123,0.0,0.0,false
10,strong_nw_foehn,21:00,no_material_cooling,47,2.0425531914893615,0.41072083639031515,0.0,0.0,false
10,strong_nw_foehn,22:00,no_material_cooling,46,1.434782608695652,0.41950899550224857,0.0,0.0,false
10,strong_nw_foehn,23:00,no_material_cooling,40,1.05,0.406465517241379,0.0,0.0,false
11,calm_radiative,20:00,no_material_cooling,12,3.25,-0.5022075055187626,0.0,-0.5,true
11,calm_radiative,21:00,no_material_cooling,12,3.0,-0.5855408388520958,0.0,-0.5,true
11,calm_radiative,22:00,no_material_cooling,11,2.1818181818181817,-0.6688741721854292,0.0,-1.0,true
11,calm_radiative,23:00,no_material_cooling,10,1.8,-0.9688741721854293,0.0,-0.5,true
11,insufficient,20:00,insufficient_obs,4,0.0,-5.168874172185429,0.0,,true
11,insufficient,21:00,insufficient_obs,4,0.0,-5.168874172185429,0.0,,true
11,insufficient,22:00,insufficient_obs,4,0.0,-5.168874172185429,0.0,,true
11,insufficient,23:00,insufficient_obs,4,0.0,-5.168874172185429,0.0,,true
11,southerly_disrupted,20:00,ambiguous_cooling,12,1.8333333333333333,0.16445916114790413,1.0,-4.0,true
11,southerly_disrupted,20:00,no_material_cooling,318,2.9276729559748427,0.01980507309758965,0.0,-2.0,false
11,southerly_disrupted,20:00,radiative_pre_dawn,6,3.6666666666666665,0.3311258278145708,1.0,-4.0,true
11,southerly_disrupted,20:00,southerly_frontal,11,1.0909090909090908,-2.3961468994581563,1.0,-4.0,true
11,southerly_disrupted,21:00,ambiguous_cooling,12,1.75,0.16445916114790413,1.0,-4.0,true
11,southerly_disrupted,21:00,no_material_cooling,319,2.3385579937304075,0.03645498141958646,0.0,-2.0,false
11,southerly_disrupted,21:00,radiative_pre_dawn,6,2.6666666666666665,0.3311258278145708,1.0,-4.0,true
11,southerly_disrupted,21:00,southerly_frontal,13,0.9230769230769231,-2.130412633723891,1.0,-4.0,true
11,southerly_disrupted,22:00,ambiguous_cooling,12,1.4166666666666667,0.16445916114790413,1.0,-4.0,true
11,southerly_disrupted,22:00,no_material_cooling,319,1.7586206896551724,0.03018538894309743,0.0,-2.0,false
11,southerly_disrupted,22:00,post_dawn_advective,3,3.3333333333333335,1.664459161147904,1.0,-4.0,true
11,southerly_disrupted,22:00,radiative_pre_dawn,6,2.0,0.3311258278145708,1.0,-4.0,true
11,southerly_disrupted,22:00,southerly_frontal,15,0.8,-1.9355408388520958,1.0,-4.0,true
11,southerly_disrupted,23:00,ambiguous_cooling,12,1.0,0.16445916114790413,1.0,-4.0,true
11,southerly_disrupted,23:00,no_material_cooling,325,1.2123076923076923,0.029587366276109243,0.0,-2.0,false
11,southerly_disrupted,23:00,post_dawn_advective,13,0.8461538461538461,1.6388181355068785,1.0,-4.0,true
11,southerly_disrupted,23:00,radiative_pre_dawn,6,1.5,0.3311258278145708,1.0,-4.0,true
11,southerly_disrupted,23:00,southerly_frontal,16,0.5,-1.9813741721854292,1.0,-4.0,true
11,standard_nw,20:00,no_material_cooling,58,3.586206896551724,0.7449189312628467,0.0,0.0,false
11,standard_nw,21:00,no_material_cooling,52,2.6538461538461537,0.6965104431991862,0.0,0.0,false
11,standard_nw,22:00,no_material_cooling,46,1.934782608695652,0.7441693060754403,0.0,0.0,false
11,standard_nw,23:00,no_material_cooling,31,1.3870967741935485,0.589190343943603,0.0,0.0,false
11,strong_nw_foehn,20:00,no_material_cooling,32,2.75,-0.012624172185429217,0.0,0.0,false
11,strong_nw_foehn,21:00,no_material_cooling,35,2.142857142857143,0.1025543992431422,0.0,0.0,false
11,strong_nw_foehn,22:00,no_material_cooling,37,1.5405405405405406,0.11490961159835457,0.0,0.0,false
11,strong_nw_foehn,23:00,no_material_cooling,36,1.1666666666666667,0.24779249448123744,0.0,-0.75,false
12,calm_radiative,20:00,no_material_cooling,24,4.041666666666667,-0.9485743380855389,0.0,0.0,true
12,calm_radiative,21:00,no_material_cooling,21,3.761904761904762,-0.46047909999030084,0.0,0.0,true
12,calm_radiative,22:00,no_material_cooling,22,3.0,-0.5167561562673572,0.0,0.0,true
12,calm_radiative,23:00,no_material_cooling,18,2.5,-0.6985743380855389,0.0,-0.5,true
12,insufficient,20:00,insufficient_obs,2,,-0.6985743380855389,0.0,,true
12,insufficient,20:00,no_material_cooling,1,0.0,-2.698574338085539,0.0,0.0,true
12,insufficient,21:00,insufficient_obs,2,,-0.6985743380855389,0.0,,true
12,insufficient,21:00,no_material_cooling,1,0.0,-2.698574338085539,0.0,0.0,true
12,insufficient,22:00,insufficient_obs,2,,-0.6985743380855389,0.0,,true
12,insufficient,22:00,no_material_cooling,1,0.0,-2.698574338085539,0.0,0.0,true
12,insufficient,23:00,insufficient_obs,2,,-0.6985743380855389,0.0,,true
12,insufficient,23:00,no_material_cooling,1,0.0,-2.698574338085539,0.0,0.0,true
12,southerly_disrupted,20:00,ambiguous_cooling,9,2.5555555555555554,0.3014256619144611,1.0,-4.0,true
12,southerly_disrupted,20:00,no_material_cooling,334,2.9910179640718564,-0.1057599668280539,0.0,-2.0,false
12,southerly_disrupted,20:00,radiative_pre_dawn,7,4.285714285714286,0.3014256619144611,1.0,-4.0,true
12,southerly_disrupted,20:00,southerly_frontal,8,0.875,-2.698574338085539,1.0,-4.0,true
12,southerly_disrupted,21:00,ambiguous_cooling,9,2.3333333333333335,0.3014256619144611,1.0,-4.0,true
12,southerly_disrupted,21:00,no_material_cooling,336,2.3541666666666665,-0.11226481427601512,0.0,-2.0,false
12,southerly_disrupted,21:00,post_dawn_advective,2,0.5,0.3014256619144611,1.0,-4.0,true
12,southerly_disrupted,21:00,radiative_pre_dawn,7,3.4285714285714284,0.3014256619144611,1.0,-4.0,true
12,southerly_disrupted,21:00,southerly_frontal,9,0.6666666666666666,-2.2541298936410943,1.0,-4.0,true
12,southerly_disrupted,22:00,ambiguous_cooling,9,1.7777777777777777,0.3014256619144611,1.0,-4.0,true
12,southerly_disrupted,22:00,no_material_cooling,338,1.7751479289940828,-0.07135540317429633,0.0,-2.0,false
12,southerly_disrupted,22:00,post_dawn_advective,6,1.1666666666666667,-1.0319076714188722,1.0,-4.0,true
12,southerly_disrupted,22:00,radiative_pre_dawn,7,2.0,0.3014256619144611,1.0,-4.0,true
12,southerly_disrupted,22:00,southerly_frontal,10,0.6,-2.4985743380855387,1.0,-4.0,true
12,southerly_disrupted,23:00,ambiguous_cooling,9,1.1111111111111112,0.3014256619144611,1.0,-4.0,true
12,southerly_disrupted,23:00,no_material_cooling,334,1.3323353293413174,-0.10276595485200599,0.0,-2.0,false
12,southerly_disrupted,23:00,post_dawn_advective,17,1.0588235294117647,0.18377860309093166,1.0,-4.0,true
12,southerly_disrupted,23:00,radiative_pre_dawn,7,1.2857142857142858,0.3014256619144611,1.0,-4.0,true
12,southerly_disrupted,23:00,southerly_frontal,12,0.5,-2.448574338085539,1.0,-4.0,true
12,standard_nw,20:00,no_material_cooling,74,3.2567567567567566,0.8825067429955422,0.0,-0.5,false
12,standard_nw,21:00,no_material_cooling,69,2.391304347826087,0.7217155169869249,0.0,-1.0,false
12,standard_nw,22:00,no_material_cooling,61,1.9672131147540983,0.8260158258488873,0.0,-1.0,false
12,standard_nw,23:00,no_material_cooling,50,1.42,0.7214256619144611,0.0,-1.0,false
12,strong_nw_foehn,20:00,no_material_cooling,32,3.0,0.4264256619144611,0.0,0.0,false
12,strong_nw_foehn,21:00,no_material_cooling,35,2.6,0.4728542333430325,0.0,0.0,false
12,strong_nw_foehn,22:00,no_material_cooling,35,2.0,0.4442828047716039,0.0,0.0,false
12,strong_nw_foehn,23:00,no_material_cooling,41,1.5609756097560976,0.8867915155729977,0.0,0.0,false
