month,regime_label,cp,tmax_hour_bucket,n_rows,total_rows,bucket_share,underpowered_n_lt_30
1,calm_radiative,20:00,before_13,7,16,0.4375,true
1,calm_radiative,20:00,between_13_17,9,16,0.5625,true
1,calm_radiative,21:00,before_13,7,16,0.4375,true
1,calm_radiative,21:00,between_13_17,9,16,0.5625,true
1,calm_radiative,22:00,before_13,5,16,0.3125,true
1,calm_radiative,22:00,between_13_17,11,16,0.6875,true
1,calm_radiative,23:00,before_13,5,15,0.3333333333333333,true
1,calm_radiative,23:00,between_13_17,10,15,0.6666666666666666,true
1,insufficient,20:00,before_13,1,4,0.25,true
1,insufficient,20:00,between_13_17,3,4,0.75,true
1,insufficient,21:00,before_13,1,4,0.25,true
1,insufficient,21:00,between_13_17,3,4,0.75,true
1,insufficient,22:00,before_13,1,4,0.25,true
1,insufficient,22:00,between_13_17,3,4,0.75,true
1,insufficient,23:00,before_13,1,4,0.25,true
1,insufficient,23:00,between_13_17,3,4,0.75,true
1,southerly_disrupted,20:00,after_17,23,358,0.06424581005586592,false
1,southerly_disrupted,20:00,before_13,124,358,0.3463687150837989,false
1,southerly_disrupted,20:00,between_13_17,211,358,0.5893854748603352,false
1,southerly_disrupted,21:00,after_17,23,367,0.06267029972752043,false
1,southerly_disrupted,21:00,before_13,128,367,0.34877384196185285,false
1,southerly_disrupted,21:00,between_13_17,216,367,0.5885558583106267,false
1,southerly_disrupted,22:00,after_17,23,374,0.06149732620320856,false
1,southerly_disrupted,22:00,before_13,134,374,0.3582887700534759,false
1,southerly_disrupted,22:00,between_13_17,217,374,0.5802139037433155,false
1,southerly_disrupted,23:00,after_17,23,383,0.06005221932114883,false
1,southerly_disrupted,23:00,before_13,137,383,0.3577023498694517,false
1,southerly_disrupted,23:00,between_13_17,223,383,0.5822454308093995,false
1,standard_nw,20:00,after_17,3,62,0.04838709677419355,false
1,standard_nw,20:00,before_13,20,62,0.3225806451612903,false
1,standard_nw,20:00,between_13_17,39,62,0.6290322580645161,false
1,standard_nw,21:00,after_17,3,52,0.057692307692307696,false
1,standard_nw,21:00,before_13,16,52,0.3076923076923077,false
1,standard_nw,21:00,between_13_17,33,52,0.6346153846153846,false
1,standard_nw,22:00,after_17,3,44,0.06818181818181818,false
1,standard_nw,22:00,before_13,13,44,0.29545454545454547,false
1,standard_nw,22:00,between_13_17,28,44,0.6363636363636364,false
1,standard_nw,23:00,after_17,3,35,0.08571428571428572,false
1,standard_nw,23:00,before_13,11,35,0.3142857142857143,false
1,standard_nw,23:00,between_13_17,21,35,0.6,false
1,strong_nw_foehn,20:00,after_17,1,42,0.023809523809523808,false
1,strong_nw_foehn,20:00,before_13,14,42,0.3333333333333333,false
1,strong_nw_foehn,20:00,between_13_17,27,42,0.6428571428571429,false
1,strong_nw_foehn,21:00,after_17,1,43,0.023255813953488372,false
1,strong_nw_foehn,21:00,before_13,14,43,0.32558139534883723,false
1,strong_nw_foehn,21:00,between_13_17,28,43,0.6511627906976745,false
1,strong_nw_foehn,22:00,after_17,1,44,0.022727272727272728,false
1,strong_nw_foehn,22:00,before_13,13,44,0.29545454545454547,false
1,strong_nw_foehn,22:00,between_13_17,30,44,0.6818181818181818,false
1,strong_nw_foehn,23:00,after_17,1,45,0.022222222222222223,false
1,strong_nw_foehn,23:00,before_13,12,45,0.26666666666666666,false
1,strong_nw_foehn,23:00,between_13_17,32,45,0.7111111111111111,false
2,calm_radiative,20:00,after_17,1,16,0.0625,true
2,calm_radiative,20:00,before_13,7,16,0.4375,true
2,calm_radiative,20:00,between_13_17,8,16,0.5,true
2,calm_radiative,21:00,after_17,1,16,0.0625,true
2,calm_radiative,21:00,before_13,7,16,0.4375,true
2,calm_radiative,21:00,between_13_17,8,16,0.5,true
2,calm_radiative,22:00,before_13,7,15,0.4666666666666667,true
2,calm_radiative,22:00,between_13_17,8,15,0.5333333333333333,true
2,calm_radiative,23:00,before_13,7,15,0.4666666666666667,true
2,calm_radiative,23:00,between_13_17,8,15,0.5333333333333333,true
2,insufficient,20:00,before_13,1,2,0.5,true
2,insufficient,20:00,between_13_17,1,2,0.5,true
2,insufficient,21:00,before_13,1,2,0.5,true
2,insufficient,21:00,between_13_17,1,2,0.5,true
2,insufficient,22:00,before_13,1,2,0.5,true
2,insufficient,22:00,between_13_17,1,2,0.5,true
2,insufficient,23:00,between_13_17,1,1,1.0,true
2,southerly_disrupted,20:00,after_17,17,339,0.05014749262536873,false
2,southerly_disrupted,20:00,before_13,109,339,0.3215339233038348,false
2,southerly_disrupted,20:00,between_13_17,213,339,0.6283185840707964,false
2,southerly_disrupted,21:00,after_17,17,340,0.05,false
2,southerly_disrupted,21:00,before_13,110,340,0.3235294117647059,false
2,southerly_disrupted,21:00,between_13_17,213,340,0.6264705882352941,false
2,southerly_disrupted,22:00,after_17,18,345,0.05217391304347826,false
2,southerly_disrupted,22:00,before_13,112,345,0.32463768115942027,false
2,southerly_disrupted,22:00,between_13_17,215,345,0.6231884057971014,false
2,southerly_disrupted,23:00,after_17,18,350,0.05142857142857143,false
2,southerly_disrupted,23:00,before_13,114,350,0.32571428571428573,false
2,southerly_disrupted,23:00,between_13_17,218,350,0.6228571428571429,false
2,standard_nw,20:00,after_17,2,47,0.0425531914893617,false
2,standard_nw,20:00,before_13,19,47,0.40425531914893614,false
2,standard_nw,20:00,between_13_17,26,47,0.5531914893617021,false
2,standard_nw,21:00,after_17,2,47,0.0425531914893617,false
2,standard_nw,21:00,before_13,19,47,0.40425531914893614,false
2,standard_nw,21:00,between_13_17,26,47,0.5531914893617021,false
2,standard_nw,22:00,after_17,2,40,0.05,false
2,standard_nw,22:00,before_13,16,40,0.4,false
2,standard_nw,22:00,between_13_17,22,40,0.55,false
2,standard_nw,23:00,after_17,2,36,0.05555555555555555,false
2,standard_nw,23:00,before_13,14,36,0.3888888888888889,false
2,standard_nw,23:00,between_13_17,20,36,0.5555555555555556,false
2,strong_nw_foehn,20:00,before_13,8,20,0.4,true
2,strong_nw_foehn,20:00,between_13_17,12,20,0.6,true
2,strong_nw_foehn,21:00,before_13,7,19,0.3684210526315789,true
2,strong_nw_foehn,21:00,between_13_17,12,19,0.631578947368421,true
2,strong_nw_foehn,22:00,before_13,8,22,0.36363636363636365,true
2,strong_nw_foehn,22:00,between_13_17,14,22,0.6363636363636364,true
2,strong_nw_foehn,23:00,before_13,9,22,0.4090909090909091,true
2,strong_nw_foehn,23:00,between_13_17,13,22,0.5909090909090909,true
3,calm_radiative,20:00,after_17,1,13,0.07692307692307693,true
3,calm_radiative,20:00,before_13,3,13,0.23076923076923078,true
3,calm_radiative,20:00,between_13_17,9,13,0.6923076923076923,true
3,calm_radiative,21:00,after_17,1,13,0.07692307692307693,true
3,calm_radiative,21:00,before_13,3,13,0.23076923076923078,true
3,calm_radiative,21:00,between_13_17,9,13,0.6923076923076923,true
3,calm_radiative,22:00,after_17,1,13,0.07692307692307693,true
3,calm_radiative,22:00,before_13,3,13,0.23076923076923078,true
3,calm_radiative,22:00,between_13_17,9,13,0.6923076923076923,true
3,calm_radiative,23:00,after_17,1,12,0.08333333333333333,true
3,calm_radiative,23:00,before_13,2,12,0.16666666666666666,true
3,calm_radiative,23:00,between_13_17,9,12,0.75,true
3,southerly_disrupted,20:00,after_17,10,368,0.02717391304347826,false
3,southerly_disrupted,20:00,before_13,130,368,0.3532608695652174,false
3,southerly_disrupted,20:00,between_13_17,228,368,0.6195652173913043,false
3,southerly_disrupted,21:00,after_17,10,374,0.026737967914438502,false
3,southerly_disrupted,21:00,before_13,133,374,0.35561497326203206,false
3,southerly_disrupted,21:00,between_13_17,231,374,0.6176470588235294,false
3,southerly_disrupted,22:00,after_17,10,380,0.02631578947368421,false
3,southerly_disrupted,22:00,before_13,135,380,0.35526315789473684,false
3,southerly_disrupted,22:00,between_13_17,235,380,0.618421052631579,false
3,southerly_disrupted,23:00,after_17,10,383,0.02610966057441253,false
3,southerly_disrupted,23:00,before_13,136,383,0.35509138381201044,false
3,southerly_disrupted,23:00,between_13_17,237,383,0.618798955613577,false
3,standard_nw,20:00,before_13,19,64,0.296875,false
3,standard_nw,20:00,between_13_17,45,64,0.703125,false
3,standard_nw,21:00,before_13,19,61,0.3114754098360656,false
3,standard_nw,21:00,between_13_17,42,61,0.6885245901639344,false
3,standard_nw,22:00,before_13,17,55,0.3090909090909091,false
3,standard_nw,22:00,between_13_17,38,55,0.6909090909090909,false
3,standard_nw,23:00,before_13,16,52,0.3076923076923077,false
3,standard_nw,23:00,between_13_17,36,52,0.6923076923076923,false
3,strong_nw_foehn,20:00,before_13,8,20,0.4,true
3,strong_nw_foehn,20:00,between_13_17,12,20,0.6,true
3,strong_nw_foehn,21:00,before_13,5,17,0.29411764705882354,true
3,strong_nw_foehn,21:00,between_13_17,12,17,0.7058823529411765,true
3,strong_nw_foehn,22:00,before_13,5,17,0.29411764705882354,true
3,strong_nw_foehn,22:00,between_13_17,12,17,0.7058823529411765,true
3,strong_nw_foehn,23:00,before_13,6,18,0.3333333333333333,true
3,strong_nw_foehn,23:00,between_13_17,12,18,0.6666666666666666,true
4,calm_radiative,20:00,before_13,12,15,0.8,true
4,calm_radiative,20:00,between_13_17,3,15,0.2,true
4,calm_radiative,21:00,before_13,12,15,0.8,true
4,calm_radiative,21:00,between_13_17,3,15,0.2,true
4,calm_radiative,22:00,before_13,11,13,0.8461538461538461,true
4,calm_radiative,22:00,between_13_17,2,13,0.15384615384615385,true
4,calm_radiative,23:00,before_13,10,12,0.8333333333333334,true
4,calm_radiative,23:00,between_13_17,2,12,0.16666666666666666,true
4,insufficient,20:00,after_17,1,4,0.25,true
4,insufficient,20:00,before_13,2,4,0.5,true
4,insufficient,20:00,between_13_17,1,4,0.25,true
4,insufficient,21:00,before_13,2,2,1.0,true
4,insufficient,22:00,before_13,2,2,1.0,true
4,insufficient,23:00,before_13,2,2,1.0,true
4,southerly_disrupted,20:00,after_17,9,347,0.025936599423631124,false
4,southerly_disrupted,20:00,before_13,242,347,0.6974063400576369,false
4,southerly_disrupted,20:00,between_13_17,96,347,0.276657060518732,false
4,southerly_disrupted,21:00,after_17,10,350,0.02857142857142857,false
4,southerly_disrupted,21:00,before_13,243,350,0.6942857142857143,false
4,southerly_disrupted,21:00,between_13_17,97,350,0.27714285714285714,false
4,southerly_disrupted,22:00,after_17,10,351,0.02849002849002849,false
4,southerly_disrupted,22:00,before_13,244,351,0.6951566951566952,false
4,southerly_disrupted,22:00,between_13_17,97,351,0.27635327635327633,false
4,southerly_disrupted,23:00,after_17,10,364,0.027472527472527472,false
4,southerly_disrupted,23:00,before_13,254,364,0.6978021978021978,false
4,southerly_disrupted,23:00,between_13_17,100,364,0.27472527472527475,false
4,standard_nw,20:00,before_13,33,64,0.515625,false
4,standard_nw,20:00,between_13_17,31,64,0.484375,false
4,standard_nw,21:00,before_13,31,61,0.5081967213114754,false
4,standard_nw,21:00,between_13_17,30,61,0.4918032786885246,false
4,standard_nw,22:00,before_13,29,58,0.5,false
4,standard_nw,22:00,between_13_17,29,58,0.5,false
4,standard_nw,23:00,before_13,21,47,0.44680851063829785,false
4,standard_nw,23:00,between_13_17,26,47,0.5531914893617021,false
4,strong_nw_foehn,20:00,before_13,12,22,0.5454545454545454,true
4,strong_nw_foehn,20:00,between_13_17,10,22,0.45454545454545453,true
4,strong_nw_foehn,21:00,before_13,13,24,0.5416666666666666,true
4,strong_nw_foehn,21:00,between_13_17,11,24,0.4583333333333333,true
4,strong_nw_foehn,22:00,before_13,15,28,0.5357142857142857,true
4,strong_nw_foehn,22:00,between_13_17,13,28,0.4642857142857143,true
4,strong_nw_foehn,23:00,before_13,14,27,0.5185185185185185,true
4,strong_nw_foehn,23:00,between_13_17,13,27,0.48148148148148145,true
5,calm_radiative,20:00,after_17,1,9,0.1111111111111111,true
5,calm_radiative,20:00,before_13,5,9,0.5555555555555556,true
5,calm_radiative,20:00,between_13_17,3,9,0.3333333333333333,true
5,calm_radiative,21:00,after_17,1,9,0.1111111111111111,true
5,calm_radiative,21:00,before_13,5,9,0.5555555555555556,true
5,calm_radiative,21:00,between_13_17,3,9,0.3333333333333333,true
5,calm_radiative,22:00,before_13,6,9,0.6666666666666666,true
5,calm_radiative,22:00,between_13_17,3,9,0.3333333333333333,true
5,calm_radiative,23:00,before_13,5,8,0.625,true
5,calm_radiative,23:00,between_13_17,3,8,0.375,true
5,insufficient,20:00,before_13,1,3,0.3333333333333333,true
5,insufficient,20:00,between_13_17,2,3,0.6666666666666666,true
5,insufficient,21:00,before_13,1,3,0.3333333333333333,true
5,insufficient,21:00,between_13_17,2,3,0.6666666666666666,true
5,insufficient,22:00,before_13,1,3,0.3333333333333333,true
5,insufficient,22:00,between_13_17,2,3,0.6666666666666666,true
5,insufficient,23:00,before_13,1,3,0.3333333333333333,true
5,insufficient,23:00,between_13_17,2,3,0.6666666666666666,true
5,southerly_disrupted,20:00,after_17,11,381,0.028871391076115485,false
5,southerly_disrupted,20:00,before_13,248,381,0.6509186351706037,false
5,southerly_disrupted,20:00,between_13_17,122,381,0.32020997375328086,false
5,southerly_disrupted,21:00,after_17,11,384,0.028645833333333332,false
5,southerly_disrupted,21:00,before_13,251,384,0.6536458333333334,false
5,southerly_disrupted,21:00,between_13_17,122,384,0.3177083333333333,false
5,southerly_disrupted,22:00,after_17,12,388,0.030927835051546393,false
5,southerly_disrupted,22:00,before_13,251,388,0.6469072164948454,false
5,southerly_disrupted,22:00,between_13_17,125,388,0.32216494845360827,false
5,southerly_disrupted,23:00,after_17,12,392,0.030612244897959183,false
5,southerly_disrupted,23:00,before_13,255,392,0.6505102040816326,false
5,southerly_disrupted,23:00,between_13_17,125,392,0.31887755102040816,false
5,standard_nw,20:00,after_17,3,55,0.05454545454545454,false
5,standard_nw,20:00,before_13,30,55,0.5454545454545454,false
5,standard_nw,20:00,between_13_17,22,55,0.4,false
5,standard_nw,21:00,after_17,3,52,0.057692307692307696,false
5,standard_nw,21:00,before_13,27,52,0.5192307692307693,false
5,standard_nw,21:00,between_13_17,22,52,0.4230769230769231,false
5,standard_nw,22:00,after_17,3,48,0.0625,false
5,standard_nw,22:00,before_13,25,48,0.5208333333333334,false
5,standard_nw,22:00,between_13_17,20,48,0.4166666666666667,false
5,standard_nw,23:00,after_17,3,46,0.06521739130434782,false
5,standard_nw,23:00,before_13,23,46,0.5,false
5,standard_nw,23:00,between_13_17,20,46,0.43478260869565216,false
5,strong_nw_foehn,20:00,after_17,1,20,0.05,true
5,strong_nw_foehn,20:00,before_13,16,20,0.8,true
5,strong_nw_foehn,20:00,between_13_17,3,20,0.15,true
5,strong_nw_foehn,21:00,after_17,1,20,0.05,true
5,strong_nw_foehn,21:00,before_13,16,20,0.8,true
5,strong_nw_foehn,21:00,between_13_17,3,20,0.15,true
5,strong_nw_foehn,22:00,after_17,1,20,0.05,true
5,strong_nw_foehn,22:00,before_13,17,20,0.85,true
5,strong_nw_foehn,22:00,between_13_17,2,20,0.1,true
5,strong_nw_foehn,23:00,after_17,1,19,0.05263157894736842,true
5,strong_nw_foehn,23:00,before_13,16,19,0.8421052631578947,true
5,strong_nw_foehn,23:00,between_13_17,2,19,0.10526315789473684,true
6,calm_radiative,20:00,before_13,6,8,0.75,true
6,calm_radiative,20:00,between_13_17,2,8,0.25,true
6,calm_radiative,21:00,before_13,6,9,0.6666666666666666,true
6,calm_radiative,21:00,between_13_17,3,9,0.3333333333333333,true
6,calm_radiative,22:00,before_13,5,8,0.625,true
6,calm_radiative,22:00,between_13_17,3,8,0.375,true
6,calm_radiative,23:00,before_13,5,8,0.625,true
6,calm_radiative,23:00,between_13_17,3,8,0.375,true
6,insufficient,20:00,after_17,3,4,0.75,true
6,insufficient,20:00,before_13,1,4,0.25,true
6,insufficient,21:00,after_17,3,4,0.75,true
6,insufficient,21:00,before_13,1,4,0.25,true
6,insufficient,22:00,after_17,3,4,0.75,true
6,insufficient,22:00,before_13,1,4,0.25,true
6,insufficient,23:00,after_17,3,4,0.75,true
6,insufficient,23:00,before_13,1,4,0.25,true
6,southerly_disrupted,20:00,after_17,11,356,0.03089887640449438,false
6,southerly_disrupted,20:00,before_13,245,356,0.6882022471910112,false
6,southerly_disrupted,20:00,between_13_17,100,356,0.2808988764044944,false
6,southerly_disrupted,21:00,after_17,11,360,0.030555555555555555,false
6,southerly_disrupted,21:00,before_13,247,360,0.6861111111111111,false
6,southerly_disrupted,21:00,between_13_17,102,360,0.2833333333333333,false
6,southerly_disrupted,22:00,after_17,11,363,0.030303030303030304,false
6,southerly_disrupted,22:00,before_13,248,363,0.6831955922865014,false
6,southerly_disrupted,22:00,between_13_17,104,363,0.2865013774104683,false
6,southerly_disrupted,23:00,after_17,11,366,0.030054644808743168,false
6,southerly_disrupted,23:00,before_13,250,366,0.6830601092896175,false
6,southerly_disrupted,23:00,between_13_17,105,366,0.28688524590163933,false
6,standard_nw,20:00,after_17,1,39,0.02564102564102564,false
6,standard_nw,20:00,before_13,22,39,0.5641025641025641,false
6,standard_nw,20:00,between_13_17,16,39,0.41025641025641024,false
6,standard_nw,21:00,after_17,1,37,0.02702702702702703,false
6,standard_nw,21:00,before_13,22,37,0.5945945945945946,false
6,standard_nw,21:00,between_13_17,14,37,0.3783783783783784,false
6,standard_nw,22:00,after_17,1,35,0.02857142857142857,false
6,standard_nw,22:00,before_13,21,35,0.6,false
6,standard_nw,22:00,between_13_17,13,35,0.37142857142857144,false
6,standard_nw,23:00,after_17,1,29,0.034482758620689655,true
6,standard_nw,23:00,before_13,17,29,0.5862068965517241,true
6,standard_nw,23:00,between_13_17,11,29,0.3793103448275862,true
6,strong_nw_foehn,20:00,after_17,1,20,0.05,true
6,strong_nw_foehn,20:00,before_13,14,20,0.7,true
6,strong_nw_foehn,20:00,between_13_17,5,20,0.25,true
6,strong_nw_foehn,21:00,after_17,1,17,0.058823529411764705,true
6,strong_nw_foehn,21:00,before_13,12,17,0.7058823529411765,true
6,strong_nw_foehn,21:00,between_13_17,4,17,0.23529411764705882,true
6,strong_nw_foehn,22:00,after_17,1,17,0.058823529411764705,true
6,strong_nw_foehn,22:00,before_13,13,17,0.7647058823529411,true
6,strong_nw_foehn,22:00,between_13_17,3,17,0.17647058823529413,true
6,strong_nw_foehn,23:00,after_17,1,20,0.05,true
6,strong_nw_foehn,23:00,before_13,15,20,0.75,true
6,strong_nw_foehn,23:00,between_13_17,4,20,0.2,true
7,calm_radiative,20:00,before_13,6,12,0.5,true
7,calm_radiative,20:00,between_13_17,6,12,0.5,true
7,calm_radiative,21:00,before_13,6,11,0.5454545454545454,true
7,calm_radiative,21:00,between_13_17,5,11,0.45454545454545453,true
7,calm_radiative,22:00,before_13,5,10,0.5,true
7,calm_radiative,22:00,between_13_17,5,10,0.5,true
7,calm_radiative,23:00,before_13,5,10,0.5,true
7,calm_radiative,23:00,between_13_17,5,10,0.5,true
7,insufficient,20:00,after_17,3,4,0.75,true
7,insufficient,20:00,between_13_17,1,4,0.25,true
7,insufficient,21:00,after_17,3,4,0.75,true
7,insufficient,21:00,between_13_17,1,4,0.25,true
7,insufficient,22:00,after_17,3,3,1.0,true
7,insufficient,23:00,after_17,3,3,1.0,true
7,southerly_disrupted,20:00,after_17,11,361,0.030470914127423823,false
7,southerly_disrupted,20:00,before_13,222,361,0.6149584487534626,false
7,southerly_disrupted,20:00,between_13_17,128,361,0.3545706371191136,false
7,southerly_disrupted,21:00,after_17,11,367,0.02997275204359673,false
7,southerly_disrupted,21:00,before_13,226,367,0.6158038147138964,false
7,southerly_disrupted,21:00,between_13_17,130,367,0.3542234332425068,false
7,southerly_disrupted,22:00,after_17,11,370,0.02972972972972973,false
7,southerly_disrupted,22:00,before_13,228,370,0.6162162162162163,false
7,southerly_disrupted,22:00,between_13_17,131,370,0.35405405405405405,false
7,southerly_disrupted,23:00,after_17,11,370,0.02972972972972973,false
7,southerly_disrupted,23:00,before_13,228,370,0.6162162162162163,false
7,southerly_disrupted,23:00,between_13_17,131,370,0.35405405405405405,false
7,standard_nw,20:00,before_13,28,44,0.6363636363636364,false
7,standard_nw,20:00,between_13_17,16,44,0.36363636363636365,false
7,standard_nw,21:00,before_13,26,41,0.6341463414634146,false
7,standard_nw,21:00,between_13_17,15,41,0.36585365853658536,false
7,standard_nw,22:00,before_13,26,42,0.6190476190476191,false
7,standard_nw,22:00,between_13_17,16,42,0.38095238095238093,false
7,standard_nw,23:00,before_13,26,42,0.6190476190476191,false
7,standard_nw,23:00,between_13_17,16,42,0.38095238095238093,false
7,strong_nw_foehn,20:00,before_13,12,14,0.8571428571428571,true
7,strong_nw_foehn,20:00,between_13_17,2,14,0.14285714285714285,true
7,strong_nw_foehn,21:00,before_13,10,12,0.8333333333333334,true
7,strong_nw_foehn,21:00,between_13_17,2,12,0.16666666666666666,true
7,strong_nw_foehn,22:00,before_13,9,10,0.9,true
7,strong_nw_foehn,22:00,between_13_17,1,10,0.1,true
7,strong_nw_foehn,23:00,before_13,9,10,0.9,true
7,strong_nw_foehn,23:00,between_13_17,1,10,0.1,true
8,calm_radiative,20:00,after_17,1,15,0.06666666666666667,true
8,calm_radiative,20:00,before_13,7,15,0.4666666666666667,true
8,calm_radiative,20:00,between_13_17,7,15,0.4666666666666667,true
8,calm_radiative,21:00,after_17,1,16,0.0625,true
8,calm_radiative,21:00,before_13,7,16,0.4375,true
8,calm_radiative,21:00,between_13_17,8,16,0.5,true
8,calm_radiative,22:00,after_17,1,16,0.0625,true
8,calm_radiative,22:00,before_13,8,16,0.5,true
8,calm_radiative,22:00,between_13_17,7,16,0.4375,true
8,calm_radiative,23:00,after_17,2,19,0.10526315789473684,true
8,calm_radiative,23:00,before_13,8,19,0.42105263157894735,true
8,calm_radiative,23:00,between_13_17,9,19,0.47368421052631576,true
8,insufficient,20:00,after_17,1,4,0.25,true
8,insufficient,20:00,before_13,3,4,0.75,true
8,insufficient,21:00,after_17,1,3,0.3333333333333333,true
8,insufficient,21:00,before_13,2,3,0.6666666666666666,true
8,insufficient,22:00,after_17,1,3,0.3333333333333333,true
8,insufficient,22:00,before_13,2,3,0.6666666666666666,true
8,insufficient,23:00,after_17,1,3,0.3333333333333333,true
8,insufficient,23:00,before_13,2,3,0.6666666666666666,true
8,southerly_disrupted,20:00,after_17,7,344,0.020348837209302327,false
8,southerly_disrupted,20:00,before_13,218,344,0.6337209302325582,false
8,southerly_disrupted,20:00,between_13_17,119,344,0.34593023255813954,false
8,southerly_disrupted,21:00,after_17,7,347,0.020172910662824207,false
8,southerly_disrupted,21:00,before_13,221,347,0.6368876080691642,false
8,southerly_disrupted,21:00,between_13_17,119,347,0.34293948126801155,false
8,southerly_disrupted,22:00,after_17,7,349,0.02005730659025788,false
8,southerly_disrupted,22:00,before_13,221,349,0.6332378223495702,false
8,southerly_disrupted,22:00,between_13_17,121,349,0.3467048710601719,false
8,southerly_disrupted,23:00,after_17,7,348,0.020114942528735632,false
8,southerly_disrupted,23:00,before_13,221,348,0.6350574712643678,false
8,southerly_disrupted,23:00,between_13_17,120,348,0.3448275862068966,false
8,standard_nw,20:00,after_17,1,68,0.014705882352941176,false
8,standard_nw,20:00,before_13,44,68,0.6470588235294118,false
8,standard_nw,20:00,between_13_17,23,68,0.3382352941176471,false
8,standard_nw,21:00,after_17,1,66,0.015151515151515152,false
8,standard_nw,21:00,before_13,43,66,0.6515151515151515,false
8,standard_nw,21:00,between_13_17,22,66,0.3333333333333333,false
8,standard_nw,22:00,after_17,1,63,0.015873015873015872,false
8,standard_nw,22:00,before_13,41,63,0.6507936507936508,false
8,standard_nw,22:00,between_13_17,21,63,0.3333333333333333,false
8,standard_nw,23:00,before_13,40,61,0.6557377049180327,false
8,standard_nw,23:00,between_13_17,21,61,0.3442622950819672,false
8,strong_nw_foehn,20:00,before_13,9,14,0.6428571428571429,true
8,strong_nw_foehn,20:00,between_13_17,5,14,0.35714285714285715,true
8,strong_nw_foehn,21:00,before_13,8,13,0.6153846153846154,true
8,strong_nw_foehn,21:00,between_13_17,5,13,0.38461538461538464,true
8,strong_nw_foehn,22:00,before_13,9,14,0.6428571428571429,true
8,strong_nw_foehn,22:00,between_13_17,5,14,0.35714285714285715,true
8,strong_nw_foehn,23:00,before_13,10,14,0.7142857142857143,true
8,strong_nw_foehn,23:00,between_13_17,4,14,0.2857142857142857,true
9,calm_radiative,20:00,before_13,9,12,0.75,true
9,calm_radiative,20:00,between_13_17,3,12,0.25,true
9,calm_radiative,21:00,before_13,8,11,0.7272727272727273,true
9,calm_radiative,21:00,between_13_17,3,11,0.2727272727272727,true
9,calm_radiative,22:00,before_13,6,10,0.6,true
9,calm_radiative,22:00,between_13_17,4,10,0.4,true
9,calm_radiative,23:00,before_13,8,12,0.6666666666666666,true
9,calm_radiative,23:00,between_13_17,4,12,0.3333333333333333,true
9,southerly_disrupted,20:00,after_17,5,334,0.014970059880239521,false
9,southerly_disrupted,20:00,before_13,188,334,0.562874251497006,false
9,southerly_disrupted,20:00,between_13_17,141,334,0.4221556886227545,false
9,southerly_disrupted,21:00,after_17,5,340,0.014705882352941176,false
9,southerly_disrupted,21:00,before_13,191,340,0.5617647058823529,false
9,southerly_disrupted,21:00,between_13_17,144,340,0.4235294117647059,false
9,southerly_disrupted,22:00,after_17,5,343,0.014577259475218658,false
9,southerly_disrupted,22:00,before_13,193,343,0.5626822157434402,false
9,southerly_disrupted,22:00,between_13_17,145,343,0.4227405247813411,false
9,southerly_disrupted,23:00,after_17,5,345,0.014492753623188406,false
9,southerly_disrupted,23:00,before_13,194,345,0.5623188405797102,false
9,southerly_disrupted,23:00,between_13_17,146,345,0.42318840579710143,false
9,standard_nw,20:00,after_17,2,66,0.030303030303030304,false
9,standard_nw,20:00,before_13,38,66,0.5757575757575758,false
9,standard_nw,20:00,between_13_17,26,66,0.3939393939393939,false
9,standard_nw,21:00,after_17,2,62,0.03225806451612903,false
9,standard_nw,21:00,before_13,35,62,0.5645161290322581,false
9,standard_nw,21:00,between_13_17,25,62,0.4032258064516129,false
9,standard_nw,22:00,after_17,2,56,0.03571428571428571,false
9,standard_nw,22:00,before_13,32,56,0.5714285714285714,false
9,standard_nw,22:00,between_13_17,22,56,0.39285714285714285,false
9,standard_nw,23:00,after_17,1,48,0.020833333333333332,false
9,standard_nw,23:00,before_13,28,48,0.5833333333333334,false
9,standard_nw,23:00,between_13_17,19,48,0.3958333333333333,false
9,strong_nw_foehn,20:00,after_17,1,38,0.02631578947368421,false
9,strong_nw_foehn,20:00,before_13,25,38,0.6578947368421053,false
9,strong_nw_foehn,20:00,between_13_17,12,38,0.3157894736842105,false
9,strong_nw_foehn,21:00,after_17,1,37,0.02702702702702703,false
9,strong_nw_foehn,21:00,before_13,26,37,0.7027027027027027,false
9,strong_nw_foehn,21:00,between_13_17,10,37,0.2702702702702703,false
9,strong_nw_foehn,22:00,after_17,1,41,0.024390243902439025,false
9,strong_nw_foehn,22:00,before_13,29,41,0.7073170731707317,false
9,strong_nw_foehn,22:00,between_13_17,11,41,0.2682926829268293,false
9,strong_nw_foehn,23:00,after_17,2,45,0.044444444444444446,false
9,strong_nw_foehn,23:00,before_13,30,45,0.6666666666666666,false
9,strong_nw_foehn,23:00,between_13_17,13,45,0.28888888888888886,false
10,calm_radiative,20:00,after_17,1,10,0.1,true
10,calm_radiative,20:00,before_13,6,10,0.6,true
10,calm_radiative,20:00,between_13_17,3,10,0.3,true
10,calm_radiative,21:00,after_17,1,9,0.1111111111111111,true
10,calm_radiative,21:00,before_13,5,9,0.5555555555555556,true
10,calm_radiative,21:00,between_13_17,3,9,0.3333333333333333,true
10,calm_radiative,22:00,after_17,1,12,0.08333333333333333,true
10,calm_radiative,22:00,before_13,6,12,0.5,true
10,calm_radiative,22:00,between_13_17,5,12,0.4166666666666667,true
10,calm_radiative,23:00,after_17,1,11,0.09090909090909091,true
10,calm_radiative,23:00,before_13,5,11,0.45454545454545453,true
10,calm_radiative,23:00,between_13_17,5,11,0.45454545454545453,true
10,southerly_disrupted,20:00,after_17,8,349,0.022922636103151862,false
10,southerly_disrupted,20:00,before_13,167,349,0.4785100286532951,false
10,southerly_disrupted,20:00,between_13_17,174,349,0.498567335243553,false
10,southerly_disrupted,21:00,after_17,8,353,0.0226628895184136,false
10,southerly_disrupted,21:00,before_13,170,353,0.48158640226628896,false
10,southerly_disrupted,21:00,between_13_17,175,353,0.49575070821529743,false
10,southerly_disrupted,22:00,after_17,8,359,0.022284122562674095,false
10,southerly_disrupted,22:00,before_13,174,359,0.48467966573816157,false
10,southerly_disrupted,22:00,between_13_17,177,359,0.49303621169916434,false
10,southerly_disrupted,23:00,after_17,8,372,0.021505376344086023,false
10,southerly_disrupted,23:00,before_13,179,372,0.48118279569892475,false
10,southerly_disrupted,23:00,between_13_17,185,372,0.49731182795698925,false
10,standard_nw,20:00,after_17,2,57,0.03508771929824561,false
10,standard_nw,20:00,before_13,26,57,0.45614035087719296,false
10,standard_nw,20:00,between_13_17,29,57,0.5087719298245614,false
10,standard_nw,21:00,after_17,2,55,0.03636363636363636,false
10,standard_nw,21:00,before_13,24,55,0.43636363636363634,false
10,standard_nw,21:00,between_13_17,29,55,0.5272727272727272,false
10,standard_nw,22:00,after_17,2,47,0.0425531914893617,false
10,standard_nw,22:00,before_13,19,47,0.40425531914893614,false
10,standard_nw,22:00,between_13_17,26,47,0.5531914893617021,false
10,standard_nw,23:00,after_17,2,41,0.04878048780487805,false
10,standard_nw,23:00,before_13,18,41,0.43902439024390244,false
10,standard_nw,23:00,between_13_17,21,41,0.5121951219512195,false
10,strong_nw_foehn,20:00,before_13,18,48,0.375,false
10,strong_nw_foehn,20:00,between_13_17,30,48,0.625,false
10,strong_nw_foehn,21:00,before_13,18,47,0.3829787234042553,false
10,strong_nw_foehn,21:00,between_13_17,29,47,0.6170212765957447,false
10,strong_nw_foehn,22:00,before_13,18,46,0.391304347826087,false
10,strong_nw_foehn,22:00,between_13_17,28,46,0.6086956521739131,false
10,strong_nw_foehn,23:00,before_13,15,40,0.375,false
10,strong_nw_foehn,23:00,between_13_17,25,40,0.625,false
11,calm_radiative,20:00,after_17,1,12,0.08333333333333333,true
11,calm_radiative,20:00,before_13,5,12,0.4166666666666667,true
11,calm_radiative,20:00,between_13_17,6,12,0.5,true
11,calm_radiative,21:00,after_17,1,12,0.08333333333333333,true
11,calm_radiative,21:00,before_13,4,12,0.3333333333333333,true
11,calm_radiative,21:00,between_13_17,7,12,0.5833333333333334,true
11,calm_radiative,22:00,after_17,1,11,0.09090909090909091,true
11,calm_radiative,22:00,before_13,4,11,0.36363636363636365,true
11,calm_radiative,22:00,between_13_17,6,11,0.5454545454545454,true
11,calm_radiative,23:00,after_17,1,10,0.1,true
11,calm_radiative,23:00,before_13,3,10,0.3,true
11,calm_radiative,23:00,between_13_17,6,10,0.6,true
11,insufficient,20:00,after_17,2,4,0.5,true
11,insufficient,20:00,before_13,2,4,0.5,true
11,insufficient,21:00,after_17,2,4,0.5,true
11,insufficient,21:00,before_13,2,4,0.5,true
11,insufficient,22:00,after_17,2,4,0.5,true
11,insufficient,22:00,before_13,2,4,0.5,true
11,insufficient,23:00,after_17,2,4,0.5,true
11,insufficient,23:00,before_13,2,4,0.5,true
11,southerly_disrupted,20:00,after_17,14,347,0.040345821325648415,false
11,southerly_disrupted,20:00,before_13,164,347,0.47262247838616717,false
11,southerly_disrupted,20:00,between_13_17,169,347,0.48703170028818443,false
11,southerly_disrupted,21:00,after_17,14,350,0.04,false
11,southerly_disrupted,21:00,before_13,165,350,0.4714285714285714,false
11,southerly_disrupted,21:00,between_13_17,171,350,0.48857142857142855,false
11,southerly_disrupted,22:00,after_17,14,355,0.03943661971830986,false
11,southerly_disrupted,22:00,before_13,166,355,0.4676056338028169,false
11,southerly_disrupted,22:00,between_13_17,175,355,0.49295774647887325,false
11,southerly_disrupted,23:00,after_17,14,372,0.03763440860215054,false
11,southerly_disrupted,23:00,before_13,176,372,0.4731182795698925,false
11,southerly_disrupted,23:00,between_13_17,182,372,0.489247311827957,false
11,standard_nw,20:00,before_13,28,58,0.4827586206896552,false
11,standard_nw,20:00,between_13_17,30,58,0.5172413793103449,false
11,standard_nw,21:00,before_13,27,52,0.5192307692307693,false
11,standard_nw,21:00,between_13_17,25,52,0.4807692307692308,false
11,standard_nw,22:00,before_13,25,46,0.5434782608695652,false
11,standard_nw,22:00,between_13_17,21,46,0.45652173913043476,false
11,standard_nw,23:00,before_13,15,31,0.4838709677419355,false
11,standard_nw,23:00,between_13_17,16,31,0.5161290322580645,false
11,strong_nw_foehn,20:00,before_13,12,32,0.375,false
11,strong_nw_foehn,20:00,between_13_17,20,32,0.625,false
11,strong_nw_foehn,21:00,before_13,13,35,0.37142857142857144,false
11,strong_nw_foehn,21:00,between_13_17,22,35,0.6285714285714286,false
11,strong_nw_foehn,22:00,before_13,14,37,0.3783783783783784,false
11,strong_nw_foehn,22:00,between_13_17,23,37,0.6216216216216216,false
11,strong_nw_foehn,23:00,before_13,15,36,0.4166666666666667,false
11,strong_nw_foehn,23:00,between_13_17,21,36,0.5833333333333334,false
12,calm_radiative,20:00,after_17,4,24,0.16666666666666666,true
12,calm_radiative,20:00,before_13,6,24,0.25,true
12,calm_radiative,20:00,between_13_17,14,24,0.5833333333333334,true
12,calm_radiative,21:00,after_17,4,21,0.19047619047619047,true
12,calm_radiative,21:00,before_13,4,21,0.19047619047619047,true
12,calm_radiative,21:00,between_13_17,13,21,0.6190476190476191,true
12,calm_radiative,22:00,after_17,4,22,0.18181818181818182,true
12,calm_radiative,22:00,before_13,4,22,0.18181818181818182,true
12,calm_radiative,22:00,between_13_17,14,22,0.6363636363636364,true
12,calm_radiative,23:00,after_17,3,18,0.16666666666666666,true
12,calm_radiative,23:00,before_13,3,18,0.16666666666666666,true
12,calm_radiative,23:00,between_13_17,12,18,0.6666666666666666,true
12,insufficient,20:00,after_17,1,3,0.3333333333333333,true
12,insufficient,20:00,before_13,1,3,0.3333333333333333,true
12,insufficient,20:00,between_13_17,1,3,0.3333333333333333,true
12,insufficient,21:00,after_17,1,3,0.3333333333333333,true
12,insufficient,21:00,before_13,1,3,0.3333333333333333,true
12,insufficient,21:00,between_13_17,1,3,0.3333333333333333,true
12,insufficient,22:00,after_17,1,3,0.3333333333333333,true
12,insufficient,22:00,before_13,1,3,0.3333333333333333,true
12,insufficient,22:00,between_13_17,1,3,0.3333333333333333,true
12,insufficient,23:00,after_17,1,3,0.3333333333333333,true
12,insufficient,23:00,before_13,1,3,0.3333333333333333,true
12,insufficient,23:00,between_13_17,1,3,0.3333333333333333,true
12,southerly_disrupted,20:00,after_17,19,358,0.05307262569832402,false
12,southerly_disrupted,20:00,before_13,151,358,0.42178770949720673,false
12,southerly_disrupted,20:00,between_13_17,188,358,0.5251396648044693,false
12,southerly_disrupted,21:00,after_17,19,363,0.05234159779614325,false
12,southerly_disrupted,21:00,before_13,155,363,0.42699724517906334,false
12,southerly_disrupted,21:00,between_13_17,189,363,0.5206611570247934,false
12,southerly_disrupted,22:00,after_17,19,370,0.051351351351351354,false
12,southerly_disrupted,22:00,before_13,156,370,0.42162162162162165,false
12,southerly_disrupted,22:00,between_13_17,195,370,0.527027027027027,false
12,southerly_disrupted,23:00,after_17,20,379,0.052770448548812667,false
12,southerly_disrupted,23:00,before_13,161,379,0.42480211081794195,false
12,southerly_disrupted,23:00,between_13_17,198,379,0.5224274406332454,false
12,standard_nw,20:00,after_17,2,74,0.02702702702702703,false
12,standard_nw,20:00,before_13,31,74,0.4189189189189189,false
12,standard_nw,20:00,between_13_17,41,74,0.5540540540540541,false
12,standard_nw,21:00,after_17,2,69,0.028985507246376812,false
12,standard_nw,21:00,before_13,29,69,0.42028985507246375,false
12,standard_nw,21:00,between_13_17,38,69,0.5507246376811594,false
12,standard_nw,22:00,after_17,2,61,0.03278688524590164,false
12,standard_nw,22:00,before_13,26,61,0.4262295081967213,false
12,standard_nw,22:00,between_13_17,33,61,0.5409836065573771,false
12,standard_nw,23:00,after_17,2,50,0.04,false
12,standard_nw,23:00,before_13,21,50,0.42,false
12,standard_nw,23:00,between_13_17,27,50,0.54,false
12,strong_nw_foehn,20:00,before_13,11,32,0.34375,false
12,strong_nw_foehn,20:00,between_13_17,21,32,0.65625,false
12,strong_nw_foehn,21:00,before_13,11,35,0.3142857142857143,false
12,strong_nw_foehn,21:00,between_13_17,24,35,0.6857142857142857,false
12,strong_nw_foehn,22:00,before_13,13,35,0.37142857142857144,false
12,strong_nw_foehn,22:00,between_13_17,22,35,0.6285714285714286,false
12,strong_nw_foehn,23:00,before_13,14,41,0.34146341463414637,false
12,strong_nw_foehn,23:00,between_13_17,27,41,0.6585365853658537,false
