month,regime_label,cp,cooling_mechanism,n_rows,total_rows,share,underpowered_n_lt_30,median_min_delta_t_per_h,median_cooling_hour
1,calm_radiative,20:00,no_material_cooling,16,16,1.0,true,0.0,0.0
1,calm_radiative,21:00,no_material_cooling,16,16,1.0,true,-0.5,0.5
1,calm_radiative,22:00,no_material_cooling,16,16,1.0,true,-1.0,1.0
1,calm_radiative,23:00,no_material_cooling,15,15,1.0,true,-1.0,1.0
1,insufficient,20:00,insufficient_obs,4,4,1.0,true,,
1,insufficient,21:00,insufficient_obs,4,4,1.0,true,,
1,insufficient,22:00,insufficient_obs,4,4,1.0,true,,
1,insufficient,23:00,insufficient_obs,4,4,1.0,true,,
1,southerly_disrupted,20:00,ambiguous_cooling,17,358,0.04748603351955307,true,-4.0,3.0
1,southerly_disrupted,20:00,no_material_cooling,327,358,0.9134078212290503,false,-2.0,2.0
1,southerly_disrupted,20:00,radiative_pre_dawn,8,358,0.0223463687150838,true,-4.0,2.0
1,southerly_disrupted,20:00,southerly_frontal,6,358,0.01675977653631285,true,-4.0,3.0
1,southerly_disrupted,21:00,ambiguous_cooling,17,367,0.04632152588555858,true,-4.0,3.0
1,southerly_disrupted,21:00,no_material_cooling,333,367,0.9073569482288828,false,-2.0,2.0
1,southerly_disrupted,21:00,post_dawn_advective,2,367,0.005449591280653951,true,-4.5,9.0
1,southerly_disrupted,21:00,radiative_pre_dawn,8,367,0.021798365122615803,true,-4.0,2.0
1,southerly_disrupted,21:00,southerly_frontal,7,367,0.01907356948228883,true,-4.0,5.0
1,southerly_disrupted,22:00,ambiguous_cooling,17,374,0.045454545454545456,true,-4.0,3.0
1,southerly_disrupted,22:00,no_material_cooling,327,374,0.8743315508021391,false,-2.0,2.0
1,southerly_disrupted,22:00,post_dawn_advective,12,374,0.03208556149732621,true,-4.0,10.0
1,southerly_disrupted,22:00,radiative_pre_dawn,8,374,0.0213903743315508,true,-4.0,2.0
1,southerly_disrupted,22:00,southerly_frontal,10,374,0.026737967914438502,true,-4.0,6.0
1,southerly_disrupted,23:00,ambiguous_cooling,17,383,0.044386422976501305,true,-4.0,3.0
1,southerly_disrupted,23:00,no_material_cooling,320,383,0.835509138381201,false,-2.0,2.0
1,southerly_disrupted,23:00,post_dawn_advective,26,383,0.06788511749347259,true,-4.0,11.0
1,southerly_disrupted,23:00,radiative_pre_dawn,8,383,0.020887728459530026,true,-4.0,2.0
1,southerly_disrupted,23:00,southerly_frontal,12,383,0.031331592689295036,true,-4.0,7.5
1,standard_nw,20:00,no_material_cooling,62,62,1.0,false,-1.0,1.0
1,standard_nw,21:00,no_material_cooling,52,52,1.0,false,-1.0,1.0
1,standard_nw,22:00,no_material_cooling,44,44,1.0,false,-1.0,1.0
1,standard_nw,23:00,no_material_cooling,35,35,1.0,false,-1.0,1.0
1,strong_nw_foehn,20:00,no_material_cooling,42,42,1.0,false,0.0,0.0
1,strong_nw_foehn,21:00,no_material_cooling,43,43,1.0,false,0.0,1.0
1,strong_nw_foehn,22:00,no_material_cooling,44,44,1.0,false,0.0,1.0
1,strong_nw_foehn,23:00,no_material_cooling,45,45,1.0,false,0.0,1.0
2,calm_radiative,20:00,no_material_cooling,16,16,1.0,true,-1.0,1.0
2,calm_radiative,21:00,no_material_cooling,16,16,1.0,true,-1.0,1.0
2,calm_radiative,22:00,no_material_cooling,15,15,1.0,true,-1.0,1.0
2,calm_radiative,23:00,no_material_cooling,15,15,1.0,true,-1.0,1.0
2,insufficient,20:00,insufficient_obs,2,2,1.0,true,,
2,insufficient,21:00,insufficient_obs,2,2,1.0,true,,
2,insufficient,22:00,insufficient_obs,2,2,1.0,true,,
2,insufficient,23:00,insufficient_obs,1,1,1.0,true,,
2,southerly_disrupted,20:00,ambiguous_cooling,8,339,0.02359882005899705,true,-4.0,4.0
2,southerly_disrupted,20:00,no_material_cooling,310,339,0.9144542772861357,false,-2.0,2.0
2,southerly_disrupted,20:00,radiative_pre_dawn,13,339,0.038348082595870206,true,-4.0,4.0
2,southerly_disrupted,20:00,southerly_frontal,8,339,0.02359882005899705,true,-4.0,5.5
2,southerly_disrupted,21:00,ambiguous_cooling,8,340,0.023529411764705882,true,-4.0,4.0
2,southerly_disrupted,21:00,no_material_cooling,307,340,0.9029411764705882,false,-2.0,2.0
2,southerly_disrupted,21:00,post_dawn_advective,4,340,0.011764705882352941,true,-4.0,9.0
2,southerly_disrupted,21:00,radiative_pre_dawn,13,340,0.03823529411764706,true,-4.0,4.0
2,southerly_disrupted,21:00,southerly_frontal,8,340,0.023529411764705882,true,-4.0,5.5
2,southerly_disrupted,22:00,ambiguous_cooling,8,345,0.02318840579710145,true,-4.0,4.0
2,southerly_disrupted,22:00,no_material_cooling,308,345,0.8927536231884058,false,-2.0,2.0
2,southerly_disrupted,22:00,post_dawn_advective,8,345,0.02318840579710145,true,-4.0,9.5
2,southerly_disrupted,22:00,radiative_pre_dawn,13,345,0.03768115942028986,true,-4.0,4.0
2,southerly_disrupted,22:00,southerly_frontal,8,345,0.02318840579710145,true,-4.0,5.5
2,southerly_disrupted,23:00,ambiguous_cooling,8,350,0.022857142857142857,true,-4.0,4.0
2,southerly_disrupted,23:00,no_material_cooling,304,350,0.8685714285714285,false,-2.0,2.0
2,southerly_disrupted,23:00,post_dawn_advective,13,350,0.037142857142857144,true,-4.0,10.0
2,southerly_disrupted,23:00,radiative_pre_dawn,13,350,0.037142857142857144,true,-4.0,4.0
2,southerly_disrupted,23:00,southerly_frontal,12,350,0.03428571428571429,true,-4.0,7.0
2,standard_nw,20:00,no_material_cooling,47,47,1.0,false,0.0,1.0
2,standard_nw,21:00,no_material_cooling,47,47,1.0,false,0.0,1.0
2,standard_nw,22:00,no_material_cooling,40,40,1.0,false,-1.0,1.0
2,standard_nw,23:00,no_material_cooling,36,36,1.0,false,-1.0,1.0
2,strong_nw_foehn,20:00,no_material_cooling,20,20,1.0,true,0.0,0.0
2,strong_nw_foehn,21:00,no_material_cooling,19,19,1.0,true,0.0,0.0
2,strong_nw_foehn,22:00,no_material_cooling,22,22,1.0,true,0.0,0.0
2,strong_nw_foehn,23:00,no_material_cooling,22,22,1.0,true,0.0,0.0
3,calm_radiative,20:00,no_material_cooling,13,13,1.0,true,0.0,0.0
3,calm_radiative,21:00,no_material_cooling,13,13,1.0,true,0.0,0.0
3,calm_radiative,22:00,no_material_cooling,13,13,1.0,true,0.0,0.0
3,calm_radiative,23:00,no_material_cooling,12,12,1.0,true,0.0,0.0
3,southerly_disrupted,20:00,ambiguous_cooling,9,368,0.024456521739130436,true,-4.0,7.0
3,southerly_disrupted,20:00,no_material_cooling,331,368,0.8994565217391305,false,-2.0,2.0
3,southerly_disrupted,20:00,radiative_pre_dawn,16,368,0.043478260869565216,true,-4.0,3.0
3,southerly_disrupted,20:00,southerly_frontal,12,368,0.03260869565217391,true,-6.0,2.5
3,southerly_disrupted,21:00,ambiguous_cooling,9,374,0.02406417112299465,true,-4.0,7.0
3,southerly_disrupted,21:00,no_material_cooling,334,374,0.893048128342246,false,-2.0,2.0
3,southerly_disrupted,21:00,post_dawn_advective,3,374,0.008021390374331552,true,-4.0,9.0
3,southerly_disrupted,21:00,radiative_pre_dawn,16,374,0.0427807486631016,true,-4.0,3.0
3,southerly_disrupted,21:00,southerly_frontal,12,374,0.03208556149732621,true,-6.0,2.5
3,southerly_disrupted,22:00,ambiguous_cooling,9,380,0.02368421052631579,true,-4.0,7.0
3,southerly_disrupted,22:00,no_material_cooling,337,380,0.8868421052631579,false,-2.0,2.0
3,southerly_disrupted,22:00,post_dawn_advective,5,380,0.013157894736842105,true,-4.0,9.0
3,southerly_disrupted,22:00,radiative_pre_dawn,16,380,0.042105263157894736,true,-4.0,3.0
3,southerly_disrupted,22:00,southerly_frontal,13,380,0.034210526315789476,true,-6.0,3.0
3,southerly_disrupted,23:00,ambiguous_cooling,9,383,0.02349869451697128,true,-4.0,7.0
3,southerly_disrupted,23:00,no_material_cooling,333,383,0.8694516971279374,false,-2.0,2.0
3,southerly_disrupted,23:00,post_dawn_advective,8,383,0.020887728459530026,true,-5.0,10.0
3,southerly_disrupted,23:00,radiative_pre_dawn,16,383,0.04177545691906005,true,-4.0,3.0
3,southerly_disrupted,23:00,southerly_frontal,17,383,0.044386422976501305,true,-6.0,3.0
3,standard_nw,20:00,no_material_cooling,64,64,1.0,false,-1.0,1.0
3,standard_nw,21:00,no_material_cooling,61,61,1.0,false,-1.0,1.0
3,standard_nw,22:00,no_material_cooling,55,55,1.0,false,-1.0,1.0
3,standard_nw,23:00,no_material_cooling,52,52,1.0,false,-1.0,1.0
3,strong_nw_foehn,20:00,no_material_cooling,20,20,1.0,true,0.0,0.0
3,strong_nw_foehn,21:00,no_material_cooling,17,17,1.0,true,0.0,0.0
3,strong_nw_foehn,22:00,no_material_cooling,17,17,1.0,true,0.0,0.0
3,strong_nw_foehn,23:00,no_material_cooling,18,18,1.0,true,0.0,0.0
4,calm_radiative,20:00,no_material_cooling,15,15,1.0,true,-1.0,1.0
4,calm_radiative,21:00,no_material_cooling,15,15,1.0,true,-1.0,1.0
4,calm_radiative,22:00,no_material_cooling,13,13,1.0,true,-1.0,1.0
4,calm_radiative,23:00,no_material_cooling,12,12,1.0,true,-1.0,1.0
4,insufficient,20:00,insufficient_obs,2,4,0.5,true,,
4,insufficient,20:00,no_material_cooling,2,4,0.5,true,0.0,4.0
4,insufficient,21:00,insufficient_obs,1,2,0.5,true,,
4,insufficient,21:00,no_material_cooling,1,2,0.5,true,0.0,1.0
4,insufficient,22:00,insufficient_obs,1,2,0.5,true,,
4,insufficient,22:00,no_material_cooling,1,2,0.5,true,0.0,1.0
4,insufficient,23:00,insufficient_obs,1,2,0.5,true,,
4,insufficient,23:00,no_material_cooling,1,2,0.5,true,0.0,1.0
4,southerly_disrupted,20:00,ambiguous_cooling,11,347,0.03170028818443804,true,-4.0,3.0
4,southerly_disrupted,20:00,no_material_cooling,309,347,0.8904899135446686,false,-2.0,2.0
4,southerly_disrupted,20:00,radiative_pre_dawn,18,347,0.05187319884726225,true,-4.0,3.5
4,southerly_disrupted,20:00,southerly_frontal,9,347,0.025936599423631124,true,-4.0,3.0
4,southerly_disrupted,21:00,ambiguous_cooling,12,350,0.03428571428571429,true,-4.0,4.0
4,southerly_disrupted,21:00,no_material_cooling,311,350,0.8885714285714286,false,-2.0,2.0
4,southerly_disrupted,21:00,radiative_pre_dawn,18,350,0.05142857142857143,true,-4.0,3.5
4,southerly_disrupted,21:00,southerly_frontal,9,350,0.025714285714285714,true,-4.0,3.0
4,southerly_disrupted,22:00,ambiguous_cooling,12,351,0.03418803418803419,true,-4.0,4.0
4,southerly_disrupted,22:00,no_material_cooling,311,351,0.886039886039886,false,-2.0,2.0
4,southerly_disrupted,22:00,radiative_pre_dawn,18,351,0.05128205128205128,true,-4.0,3.5
4,southerly_disrupted,22:00,southerly_frontal,10,351,0.02849002849002849,true,-4.0,4.0
4,southerly_disrupted,23:00,ambiguous_cooling,12,364,0.03296703296703297,true,-4.0,4.0
4,southerly_disrupted,23:00,no_material_cooling,321,364,0.8818681318681318,false,-2.0,2.0
4,southerly_disrupted,23:00,radiative_pre_dawn,18,364,0.04945054945054945,true,-4.0,3.5
4,southerly_disrupted,23:00,southerly_frontal,13,364,0.03571428571428571,true,-4.0,6.0
4,standard_nw,20:00,no_material_cooling,64,64,1.0,false,0.0,0.5
4,standard_nw,21:00,no_material_cooling,61,61,1.0,false,0.0,1.0
4,standard_nw,22:00,no_material_cooling,58,58,1.0,false,0.0,1.0
4,standard_nw,23:00,no_material_cooling,47,47,1.0,false,0.0,1.0
4,strong_nw_foehn,20:00,no_material_cooling,22,22,1.0,true,0.0,0.0
4,strong_nw_foehn,21:00,no_material_cooling,24,24,1.0,true,0.0,0.0
4,strong_nw_foehn,22:00,no_material_cooling,28,28,1.0,true,0.0,0.0
4,strong_nw_foehn,23:00,no_material_cooling,27,27,1.0,true,0.0,0.0
5,calm_radiative,20:00,no_material_cooling,9,9,1.0,true,-1.0,2.0
5,calm_radiative,21:00,no_material_cooling,9,9,1.0,true,-1.0,2.0
5,calm_radiative,22:00,no_material_cooling,9,9,1.0,true,-1.0,2.0
5,calm_radiative,23:00,no_material_cooling,8,8,1.0,true,-1.0,3.0
5,insufficient,20:00,insufficient_obs,3,3,1.0,true,,
5,insufficient,21:00,insufficient_obs,3,3,1.0,true,,
5,insufficient,22:00,insufficient_obs,3,3,1.0,true,,
5,insufficient,23:00,insufficient_obs,3,3,1.0,true,,
5,southerly_disrupted,20:00,ambiguous_cooling,10,381,0.026246719160104987,true,-4.0,6.5
5,southerly_disrupted,20:00,no_material_cooling,328,381,0.8608923884514436,false,-2.0,2.0
5,southerly_disrupted,20:00,radiative_pre_dawn,33,381,0.08661417322834646,false,-4.0,3.0
5,southerly_disrupted,20:00,southerly_frontal,10,381,0.026246719160104987,true,-6.0,2.0
5,southerly_disrupted,21:00,ambiguous_cooling,11,384,0.028645833333333332,true,-4.0,7.0
5,southerly_disrupted,21:00,no_material_cooling,329,384,0.8567708333333334,false,-2.0,2.0
5,southerly_disrupted,21:00,radiative_pre_dawn,33,384,0.0859375,false,-4.0,3.0
5,southerly_disrupted,21:00,southerly_frontal,11,384,0.028645833333333332,true,-6.0,2.0
5,southerly_disrupted,22:00,ambiguous_cooling,11,388,0.028350515463917526,true,-4.0,7.0
5,southerly_disrupted,22:00,no_material_cooling,328,388,0.845360824742268,false,-2.0,2.0
5,southerly_disrupted,22:00,post_dawn_advective,1,388,0.002577319587628866,true,-6.0,9.0
5,southerly_disrupted,22:00,radiative_pre_dawn,33,388,0.08505154639175258,false,-4.0,3.0
5,southerly_disrupted,22:00,southerly_frontal,15,388,0.03865979381443299,true,-6.0,3.0
5,southerly_disrupted,23:00,ambiguous_cooling,10,392,0.025510204081632654,true,-4.0,6.5
5,southerly_disrupted,23:00,no_material_cooling,330,392,0.8418367346938775,false,-2.0,2.0
5,southerly_disrupted,23:00,post_dawn_advective,3,392,0.007653061224489796,true,-6.0,10.0
5,southerly_disrupted,23:00,radiative_pre_dawn,33,392,0.08418367346938775,false,-4.0,3.0
5,southerly_disrupted,23:00,southerly_frontal,16,392,0.04081632653061224,true,-6.0,3.5
5,standard_nw,20:00,no_material_cooling,55,55,1.0,false,0.0,1.0
5,standard_nw,21:00,no_material_cooling,52,52,1.0,false,-1.0,1.0
5,standard_nw,22:00,no_material_cooling,48,48,1.0,false,-1.0,1.0
5,standard_nw,23:00,no_material_cooling,46,46,1.0,false,-1.0,1.0
5,strong_nw_foehn,20:00,no_material_cooling,20,20,1.0,true,0.0,0.0
5,strong_nw_foehn,21:00,no_material_cooling,20,20,1.0,true,0.0,0.0
5,strong_nw_foehn,22:00,no_material_cooling,20,20,1.0,true,0.0,0.0
5,strong_nw_foehn,23:00,no_material_cooling,19,19,1.0,true,0.0,0.0
6,calm_radiative,20:00,no_material_cooling,8,8,1.0,true,0.0,0.0
6,calm_radiative,21:00,no_material_cooling,9,9,1.0,true,0.0,0.0
6,calm_radiative,22:00,no_material_cooling,8,8,1.0,true,0.0,0.0
6,calm_radiative,23:00,no_material_cooling,8,8,1.0,true,0.0,0.0
6,insufficient,20:00,insufficient_obs,4,4,1.0,true,,
6,insufficient,21:00,insufficient_obs,4,4,1.0,true,,
6,insufficient,22:00,insufficient_obs,4,4,1.0,true,,
6,insufficient,23:00,insufficient_obs,4,4,1.0,true,,
6,southerly_disrupted,20:00,ambiguous_cooling,13,356,0.03651685393258427,true,-4.0,4.0
6,southerly_disrupted,20:00,no_material_cooling,308,356,0.8651685393258427,false,-2.0,2.0
6,southerly_disrupted,20:00,radiative_pre_dawn,29,356,0.08146067415730338,true,-4.0,2.0
6,southerly_disrupted,20:00,southerly_frontal,6,356,0.016853932584269662,true,-4.0,1.5
6,southerly_disrupted,21:00,ambiguous_cooling,13,360,0.03611111111111111,true,-4.0,4.0
6,southerly_disrupted,21:00,no_material_cooling,311,360,0.8638888888888889,false,-2.0,2.0
6,southerly_disrupted,21:00,radiative_pre_dawn,29,360,0.08055555555555556,true,-4.0,2.0
6,southerly_disrupted,21:00,southerly_frontal,7,360,0.019444444444444445,true,-4.0,2.0
6,southerly_disrupted,22:00,ambiguous_cooling,13,363,0.03581267217630854,true,-4.0,4.0
6,southerly_disrupted,22:00,no_material_cooling,313,363,0.8622589531680441,false,-2.0,2.0
6,southerly_disrupted,22:00,post_dawn_advective,1,363,0.0027548209366391185,true,-6.0,9.0
6,southerly_disrupted,22:00,radiative_pre_dawn,29,363,0.07988980716253444,true,-4.0,2.0
6,southerly_disrupted,22:00,southerly_frontal,7,363,0.01928374655647383,true,-4.0,2.0
6,southerly_disrupted,23:00,ambiguous_cooling,13,366,0.03551912568306011,true,-4.0,4.0
6,southerly_disrupted,23:00,no_material_cooling,315,366,0.860655737704918,false,-2.0,2.0
6,southerly_disrupted,23:00,post_dawn_advective,1,366,0.00273224043715847,true,-6.0,9.0
6,southerly_disrupted,23:00,radiative_pre_dawn,29,366,0.07923497267759563,true,-4.0,2.0
6,southerly_disrupted,23:00,southerly_frontal,8,366,0.02185792349726776,true,-4.0,3.0
6,standard_nw,20:00,no_material_cooling,39,39,1.0,false,-1.0,1.0
6,standard_nw,21:00,no_material_cooling,37,37,1.0,false,-1.0,1.0
6,standard_nw,22:00,no_material_cooling,35,35,1.0,false,-1.0,1.0
6,standard_nw,23:00,no_material_cooling,29,29,1.0,true,-1.0,1.0
6,strong_nw_foehn,20:00,no_material_cooling,20,20,1.0,true,0.0,0.0
6,strong_nw_foehn,21:00,no_material_cooling,17,17,1.0,true,0.0,1.0
6,strong_nw_foehn,22:00,no_material_cooling,17,17,1.0,true,0.0,1.0
6,strong_nw_foehn,23:00,no_material_cooling,20,20,1.0,true,0.0,1.0
7,calm_radiative,20:00,no_material_cooling,12,12,1.0,true,-0.5,1.0
7,calm_radiative,21:00,no_material_cooling,11,11,1.0,true,-1.0,1.0
7,calm_radiative,22:00,no_material_cooling,10,10,1.0,true,-1.0,1.0
7,calm_radiative,23:00,no_material_cooling,10,10,1.0,true,-1.0,1.0
7,insufficient,20:00,insufficient_obs,4,4,1.0,true,,
7,insufficient,21:00,insufficient_obs,4,4,1.0,true,,
7,insufficient,22:00,insufficient_obs,3,3,1.0,true,,
7,insufficient,23:00,insufficient_obs,3,3,1.0,true,,
7,southerly_disrupted,20:00,ambiguous_cooling,13,361,0.036011080332409975,true,-4.0,7.0
7,southerly_disrupted,20:00,no_material_cooling,299,361,0.8282548476454293,false,-2.0,2.0
7,southerly_disrupted,20:00,radiative_pre_dawn,39,361,0.10803324099722991,false,-4.0,2.0
7,southerly_disrupted,20:00,southerly_frontal,10,361,0.027700831024930747,true,-4.0,2.5
7,southerly_disrupted,21:00,ambiguous_cooling,13,367,0.035422343324250684,true,-4.0,7.0
7,southerly_disrupted,21:00,no_material_cooling,305,367,0.8310626702997275,false,-2.0,2.0
7,southerly_disrupted,21:00,radiative_pre_dawn,39,367,0.10626702997275204,false,-4.0,2.0
7,southerly_disrupted,21:00,southerly_frontal,10,367,0.027247956403269755,true,-4.0,2.5
7,southerly_disrupted,22:00,ambiguous_cooling,13,370,0.03513513513513514,true,-4.0,7.0
7,southerly_disrupted,22:00,no_material_cooling,307,370,0.8297297297297297,false,-2.0,2.0
7,southerly_disrupted,22:00,post_dawn_advective,1,370,0.002702702702702703,true,-4.0,9.0
7,southerly_disrupted,22:00,radiative_pre_dawn,39,370,0.10540540540540541,false,-4.0,2.0
7,southerly_disrupted,22:00,southerly_frontal,10,370,0.02702702702702703,true,-4.0,2.5
7,southerly_disrupted,23:00,ambiguous_cooling,13,370,0.03513513513513514,true,-4.0,7.0
7,southerly_disrupted,23:00,no_material_cooling,307,370,0.8297297297297297,false,-2.0,2.0
7,southerly_disrupted,23:00,post_dawn_advective,1,370,0.002702702702702703,true,-4.0,9.0
7,southerly_disrupted,23:00,radiative_pre_dawn,39,370,0.10540540540540541,false,-4.0,2.0
7,southerly_disrupted,23:00,southerly_frontal,10,370,0.02702702702702703,true,-4.0,2.5
7,standard_nw,20:00,no_material_cooling,44,44,1.0,false,-1.0,1.0
7,standard_nw,21:00,no_material_cooling,41,41,1.0,false,-1.0,2.0
7,standard_nw,22:00,no_material_cooling,42,42,1.0,false,-1.0,2.0
7,standard_nw,23:00,no_material_cooling,42,42,1.0,false,-1.0,2.0
7,strong_nw_foehn,20:00,no_material_cooling,14,14,1.0,true,0.0,0.5
7,strong_nw_foehn,21:00,no_material_cooling,12,12,1.0,true,0.0,0.0
7,strong_nw_foehn,22:00,no_material_cooling,10,10,1.0,true,0.0,0.0
7,strong_nw_foehn,23:00,no_material_cooling,10,10,1.0,true,0.0,0.0
8,calm_radiative,20:00,no_material_cooling,15,15,1.0,true,0.0,1.0
8,calm_radiative,21:00,no_material_cooling,16,16,1.0,true,-0.5,1.5
8,calm_radiative,22:00,no_material_cooling,16,16,1.0,true,-0.5,1.5
8,calm_radiative,23:00,no_material_cooling,19,19,1.0,true,-1.0,2.0
8,insufficient,20:00,insufficient_obs,3,4,0.75,true,,
8,insufficient,20:00,no_material_cooling,1,4,0.25,true,-1.0,7.0
8,insufficient,21:00,insufficient_obs,3,3,1.0,true,,
8,insufficient,22:00,insufficient_obs,3,3,1.0,true,,
8,insufficient,23:00,insufficient_obs,3,3,1.0,true,,
8,southerly_disrupted,20:00,ambiguous_cooling,6,344,0.01744186046511628,true,-4.0,7.0
8,southerly_disrupted,20:00,no_material_cooling,300,344,0.872093023255814,false,-2.0,2.0
8,southerly_disrupted,20:00,radiative_pre_dawn,26,344,0.0755813953488372,true,-4.0,2.5
8,southerly_disrupted,20:00,southerly_frontal,12,344,0.03488372093023256,true,-4.0,5.0
8,southerly_disrupted,21:00,ambiguous_cooling,8,347,0.023054755043227664,true,-4.0,7.0
8,southerly_disrupted,21:00,no_material_cooling,301,347,0.8674351585014409,false,-2.0,2.0
8,southerly_disrupted,21:00,radiative_pre_dawn,26,347,0.07492795389048991,true,-4.0,2.5
8,southerly_disrupted,21:00,southerly_frontal,12,347,0.0345821325648415,true,-4.0,5.0
8,southerly_disrupted,22:00,ambiguous_cooling,8,349,0.022922636103151862,true,-4.0,7.0
8,southerly_disrupted,22:00,no_material_cooling,301,349,0.8624641833810889,false,-2.0,2.0
8,southerly_disrupted,22:00,post_dawn_advective,1,349,0.0028653295128939827,true,-4.0,9.0
8,southerly_disrupted,22:00,radiative_pre_dawn,26,349,0.07449856733524356,true,-4.0,2.5
8,southerly_disrupted,22:00,southerly_frontal,13,349,0.03724928366762178,true,-4.0,5.0
8,southerly_disrupted,23:00,ambiguous_cooling,8,348,0.022988505747126436,true,-4.0,7.0
8,southerly_disrupted,23:00,no_material_cooling,298,348,0.8563218390804598,false,-2.0,2.0
8,southerly_disrupted,23:00,post_dawn_advective,3,348,0.008620689655172414,true,-4.0,10.0
8,southerly_disrupted,23:00,radiative_pre_dawn,26,348,0.07471264367816093,true,-4.0,2.5
8,southerly_disrupted,23:00,southerly_frontal,13,348,0.03735632183908046,true,-4.0,5.0
8,standard_nw,20:00,no_material_cooling,68,68,1.0,false,-1.0,1.0
8,standard_nw,21:00,no_material_cooling,66,66,1.0,false,-1.0,1.0
8,standard_nw,22:00,no_material_cooling,63,63,1.0,false,-1.0,1.0
8,standard_nw,23:00,no_material_cooling,61,61,1.0,false,-1.0,1.0
8,strong_nw_foehn,20:00,no_material_cooling,14,14,1.0,true,0.0,0.5
8,strong_nw_foehn,21:00,no_material_cooling,13,13,1.0,true,0.0,0.0
8,strong_nw_foehn,22:00,no_material_cooling,14,14,1.0,true,0.0,0.0
8,strong_nw_foehn,23:00,no_material_cooling,14,14,1.0,true,0.0,0.0
9,calm_radiative,20:00,no_material_cooling,12,12,1.0,true,-1.0,1.0
9,calm_radiative,21:00,no_material_cooling,11,11,1.0,true,-1.0,1.0
9,calm_radiative,22:00,no_material_cooling,10,10,1.0,true,-0.5,1.0
9,calm_radiative,23:00,no_material_cooling,12,12,1.0,true,-1.0,1.0
9,southerly_disrupted,20:00,ambiguous_cooling,9,334,0.02694610778443114,true,-4.0,5.0
9,southerly_disrupted,20:00,no_material_cooling,287,334,0.8592814371257484,false,-2.0,2.0
9,southerly_disrupted,20:00,radiative_pre_dawn,28,334,0.08383233532934131,true,-4.0,3.0
9,southerly_disrupted,20:00,southerly_frontal,10,334,0.029940119760479042,true,-4.0,3.0
9,southerly_disrupted,21:00,ambiguous_cooling,9,340,0.026470588235294117,true,-4.0,5.0
9,southerly_disrupted,21:00,no_material_cooling,292,340,0.8588235294117647,false,-2.0,2.0
9,southerly_disrupted,21:00,radiative_pre_dawn,28,340,0.08235294117647059,true,-4.0,3.0
9,southerly_disrupted,21:00,southerly_frontal,11,340,0.03235294117647059,true,-4.0,3.0
9,southerly_disrupted,22:00,ambiguous_cooling,9,343,0.026239067055393587,true,-4.0,5.0
9,southerly_disrupted,22:00,no_material_cooling,290,343,0.8454810495626822,false,-2.0,2.0
9,southerly_disrupted,22:00,post_dawn_advective,4,343,0.011661807580174927,true,-4.0,9.0
9,southerly_disrupted,22:00,radiative_pre_dawn,28,343,0.08163265306122448,true,-4.0,3.0
9,southerly_disrupted,22:00,southerly_frontal,12,343,0.03498542274052478,true,-4.0,3.5
9,southerly_disrupted,23:00,ambiguous_cooling,9,345,0.02608695652173913,true,-4.0,5.0
9,southerly_disrupted,23:00,no_material_cooling,289,345,0.8376811594202899,false,-2.0,2.0
9,southerly_disrupted,23:00,post_dawn_advective,5,345,0.014492753623188406,true,-4.0,9.0
9,southerly_disrupted,23:00,radiative_pre_dawn,28,345,0.08115942028985507,true,-4.0,3.0
9,southerly_disrupted,23:00,southerly_frontal,14,345,0.04057971014492753,true,-4.0,5.0
9,standard_nw,20:00,no_material_cooling,66,66,1.0,false,0.0,1.0
9,standard_nw,21:00,no_material_cooling,62,62,1.0,false,-0.16666666666666666,1.0
9,standard_nw,22:00,no_material_cooling,56,56,1.0,false,-0.16666666666666666,1.0
9,standard_nw,23:00,no_material_cooling,48,48,1.0,false,-1.0,1.0
9,strong_nw_foehn,20:00,no_material_cooling,38,38,1.0,false,0.0,1.0
9,strong_nw_foehn,21:00,no_material_cooling,37,37,1.0,false,0.0,1.0
9,strong_nw_foehn,22:00,no_material_cooling,41,41,1.0,false,0.0,1.0
9,strong_nw_foehn,23:00,no_material_cooling,45,45,1.0,false,0.0,1.0
10,calm_radiative,20:00,no_material_cooling,10,10,1.0,true,0.0,0.0
10,calm_radiative,21:00,no_material_cooling,9,9,1.0,true,0.0,0.0
10,calm_radiative,22:00,no_material_cooling,12,12,1.0,true,0.0,0.0
10,calm_radiative,23:00,no_material_cooling,11,11,1.0,true,0.0,0.0
10,southerly_disrupted,20:00,ambiguous_cooling,7,349,0.02005730659025788,true,-4.0,5.0
10,southerly_disrupted,20:00,no_material_cooling,301,349,0.8624641833810889,false,-2.0,2.0
10,southerly_disrupted,20:00,radiative_pre_dawn,24,349,0.06876790830945559,true,-4.0,2.5
10,southerly_disrupted,20:00,southerly_frontal,17,349,0.04871060171919771,true,-4.0,5.0
10,southerly_disrupted,21:00,ambiguous_cooling,7,353,0.019830028328611898,true,-4.0,5.0
10,southerly_disrupted,21:00,no_material_cooling,301,353,0.8526912181303116,false,-2.0,2.0
10,southerly_disrupted,21:00,post_dawn_advective,2,353,0.0056657223796034,true,-4.0,9.0
10,southerly_disrupted,21:00,radiative_pre_dawn,24,353,0.0679886685552408,true,-4.0,2.5
10,southerly_disrupted,21:00,southerly_frontal,19,353,0.053824362606232294,true,-4.0,5.0
10,southerly_disrupted,22:00,ambiguous_cooling,7,359,0.019498607242339833,true,-4.0,5.0
10,southerly_disrupted,22:00,no_material_cooling,303,359,0.8440111420612814,false,-2.0,2.0
10,southerly_disrupted,22:00,post_dawn_advective,6,359,0.016713091922005572,true,-4.0,10.0
10,southerly_disrupted,22:00,radiative_pre_dawn,24,359,0.06685236768802229,true,-4.0,2.5
10,southerly_disrupted,22:00,southerly_frontal,19,359,0.052924791086350974,true,-4.0,5.0
10,southerly_disrupted,23:00,ambiguous_cooling,7,372,0.01881720430107527,true,-4.0,5.0
10,southerly_disrupted,23:00,no_material_cooling,314,372,0.8440860215053764,false,-2.0,2.0
10,southerly_disrupted,23:00,post_dawn_advective,7,372,0.01881720430107527,true,-4.0,10.0
10,southerly_disrupted,23:00,radiative_pre_dawn,24,372,0.06451612903225806,true,-4.0,2.5
10,southerly_disrupted,23:00,southerly_frontal,20,372,0.053763440860215055,true,-4.0,5.0
10,standard_nw,20:00,no_material_cooling,57,57,1.0,false,0.0,1.0
10,standard_nw,21:00,no_material_cooling,55,55,1.0,false,0.0,1.0
10,standard_nw,22:00,no_material_cooling,47,47,1.0,false,0.0,1.0
10,standard_nw,23:00,no_material_cooling,41,41,1.0,false,0.0,1.0
10,strong_nw_foehn,20:00,no_material_cooling,48,48,1.0,false,0.0,0.0
10,strong_nw_foehn,21:00,no_material_cooling,47,47,1.0,false,0.0,0.0
10,strong_nw_foehn,22:00,no_material_cooling,46,46,1.0,false,0.0,0.5
10,strong_nw_foehn,23:00,no_material_cooling,40,40,1.0,false,0.0,1.0
11,calm_radiative,20:00,no_material_cooling,12,12,1.0,true,-0.5,1.0
11,calm_radiative,21:00,no_material_cooling,12,12,1.0,true,-0.5,1.0
11,calm_radiative,22:00,no_material_cooling,11,11,1.0,true,-1.0,2.0
11,calm_radiative,23:00,no_material_cooling,10,10,1.0,true,-0.5,1.0
11,insufficient,20:00,insufficient_obs,4,4,1.0,true,,
11,insufficient,21:00,insufficient_obs,4,4,1.0,true,,
11,insufficient,22:00,insufficient_obs,4,4,1.0,true,,
11,insufficient,23:00,insufficient_obs,4,4,1.0,true,,
11,southerly_disrupted,20:00,ambiguous_cooling,12,347,0.0345821325648415,true,-4.0,3.5
11,southerly_disrupted,20:00,no_material_cooling,318,347,0.9164265129682997,false,-2.0,2.0
11,southerly_disrupted,20:00,radiative_pre_dawn,6,347,0.01729106628242075,true,-4.0,2.5
11,southerly_disrupted,20:00,southerly_frontal,11,347,0.03170028818443804,true,-4.0,2.0
11,southerly_disrupted,21:00,ambiguous_cooling,12,350,0.03428571428571429,true,-4.0,3.5
11,southerly_disrupted,21:00,no_material_cooling,319,350,0.9114285714285715,false,-2.0,2.0
11,southerly_disrupted,21:00,radiative_pre_dawn,6,350,0.017142857142857144,true,-4.0,2.5
11,southerly_disrupted,21:00,southerly_frontal,13,350,0.037142857142857144,true,-4.0,3.0
11,southerly_disrupted,22:00,ambiguous_cooling,12,355,0.03380281690140845,true,-4.0,3.5
11,southerly_disrupted,22:00,no_material_cooling,319,355,0.8985915492957747,false,-2.0,2.0
11,southerly_disrupted,22:00,post_dawn_advective,3,355,0.008450704225352112,true,-4.0,10.0
11,southerly_disrupted,22:00,radiative_pre_dawn,6,355,0.016901408450704224,true,-4.0,2.5
11,southerly_disrupted,22:00,southerly_frontal,15,355,0.04225352112676056,true,-4.0,4.0
11,southerly_disrupted,23:00,ambiguous_cooling,12,372,0.03225806451612903,true,-4.0,3.5
11,southerly_disrupted,23:00,no_material_cooling,325,372,0.8736559139784946,false,-2.0,2.0
11,southerly_disrupted,23:00,post_dawn_advective,13,372,0.03494623655913978,true,-4.0,11.0
11,southerly_disrupted,23:00,radiative_pre_dawn,6,372,0.016129032258064516,true,-4.0,2.5
11,southerly_disrupted,23:00,southerly_frontal,16,372,0.043010752688172046,true,-4.0,4.5
11,standard_nw,20:00,no_material_cooling,58,58,1.0,false,0.0,0.0
11,standard_nw,21:00,no_material_cooling,52,52,1.0,false,0.0,0.0
11,standard_nw,22:00,no_material_cooling,46,46,1.0,false,0.0,0.0
11,standard_nw,23:00,no_material_cooling,31,31,1.0,false,0.0,1.0
11,strong_nw_foehn,20:00,no_material_cooling,32,32,1.0,false,0.0,0.5
11,strong_nw_foehn,21:00,no_material_cooling,35,35,1.0,false,0.0,1.0
11,strong_nw_foehn,22:00,no_material_cooling,37,37,1.0,false,0.0,0.0
11,strong_nw_foehn,23:00,no_material_cooling,36,36,1.0,false,-0.75,1.0
12,calm_radiative,20:00,no_material_cooling,24,24,1.0,true,0.0,1.0
12,calm_radiative,21:00,no_material_cooling,21,21,1.0,true,0.0,1.0
12,calm_radiative,22:00,no_material_cooling,22,22,1.0,true,0.0,1.0
12,calm_radiative,23:00,no_material_cooling,18,18,1.0,true,-0.5,1.0
12,insufficient,20:00,insufficient_obs,2,3,0.6666666666666666,true,,
12,insufficient,20:00,no_material_cooling,1,3,0.3333333333333333,true,0.0,8.0
12,insufficient,21:00,insufficient_obs,2,3,0.6666666666666666,true,,
12,insufficient,21:00,no_material_cooling,1,3,0.3333333333333333,true,0.0,8.0
12,insufficient,22:00,insufficient_obs,2,3,0.6666666666666666,true,,
12,insufficient,22:00,no_material_cooling,1,3,0.3333333333333333,true,0.0,8.0
12,insufficient,23:00,insufficient_obs,2,3,0.6666666666666666,true,,
12,insufficient,23:00,no_material_cooling,1,3,0.3333333333333333,true,0.0,8.0
12,southerly_disrupted,20:00,ambiguous_cooling,9,358,0.025139664804469275,true,-4.0,3.0
12,southerly_disrupted,20:00,no_material_cooling,334,358,0.9329608938547486,false,-2.0,1.0
12,southerly_disrupted,20:00,radiative_pre_dawn,7,358,0.019553072625698324,true,-4.0,2.0
12,southerly_disrupted,20:00,southerly_frontal,8,358,0.0223463687150838,true,-4.0,5.5
12,southerly_disrupted,21:00,ambiguous_cooling,9,363,0.024793388429752067,true,-4.0,3.0
12,southerly_disrupted,21:00,no_material_cooling,336,363,0.9256198347107438,false,-2.0,1.0
12,southerly_disrupted,21:00,post_dawn_advective,2,363,0.005509641873278237,true,-4.0,9.0
12,southerly_disrupted,21:00,radiative_pre_dawn,7,363,0.01928374655647383,true,-4.0,2.0
12,southerly_disrupted,21:00,southerly_frontal,9,363,0.024793388429752067,true,-4.0,6.0
12,southerly_disrupted,22:00,ambiguous_cooling,9,370,0.024324324324324326,true,-4.0,3.0
12,southerly_disrupted,22:00,no_material_cooling,338,370,0.9135135135135135,false,-2.0,1.0
12,southerly_disrupted,22:00,post_dawn_advective,6,370,0.016216216216216217,true,-4.0,10.0
12,southerly_disrupted,22:00,radiative_pre_dawn,7,370,0.01891891891891892,true,-4.0,2.0
12,southerly_disrupted,22:00,southerly_frontal,10,370,0.02702702702702703,true,-4.0,6.5
12,southerly_disrupted,23:00,ambiguous_cooling,9,379,0.023746701846965697,true,-4.0,3.0
12,southerly_disrupted,23:00,no_material_cooling,334,379,0.8812664907651715,false,-2.0,2.0
12,southerly_disrupted,23:00,post_dawn_advective,17,379,0.044854881266490766,true,-4.0,11.0
12,southerly_disrupted,23:00,radiative_pre_dawn,7,379,0.018469656992084433,true,-4.0,2.0
12,southerly_disrupted,23:00,southerly_frontal,12,379,0.0316622691292876,true,-4.0,7.0
12,standard_nw,20:00,no_material_cooling,74,74,1.0,false,-0.5,1.0
12,standard_nw,21:00,no_material_cooling,69,69,1.0,false,-1.0,1.0
12,standard_nw,22:00,no_material_cooling,61,61,1.0,false,-1.0,1.0
12,standard_nw,23:00,no_material_cooling,50,50,1.0,false,-1.0,1.0
12,strong_nw_foehn,20:00,no_material_cooling,32,32,1.0,false,0.0,0.0
12,strong_nw_foehn,21:00,no_material_cooling,35,35,1.0,false,0.0,1.0
12,strong_nw_foehn,22:00,no_material_cooling,35,35,1.0,false,0.0,1.0
12,strong_nw_foehn,23:00,no_material_cooling,41,41,1.0,false,0.0,1.0
