month,cp,wind_sector,n_obs,n_days,total_obs,share,mean_sknt
1,20:00,E,134,74,7870,0.017026683608640406,2.7686567164179103
1,20:00,N,4047,358,7870,0.5142312579415502,14.309117865085248
1,20:00,NE,782,205,7870,0.09936467598475222,6.406649616368286
1,20:00,NW,234,94,7870,0.029733163913595935,12.662393162393162
1,20:00,S,1691,216,7870,0.21486658195679798,12.751626256652868
1,20:00,SE,451,107,7870,0.05730622617534943,9.574279379157428
1,20:00,SW,445,120,7870,0.056543837357052096,8.88314606741573
1,20:00,W,85,60,7870,0.010800508259212199,3.0823529411764707
1,20:00,unknown,1,1,7870,0.00012706480304955527,2.0
1,21:00,E,137,76,8742,0.015671471059254174,2.832116788321168
1,21:00,N,4509,363,8742,0.5157858613589568,14.43756930583278
1,21:00,NE,819,211,8742,0.0936856554564173,6.536019536019536
1,21:00,NW,271,105,8742,0.030999771219400594,12.487084870848708
1,21:00,S,1948,225,8742,0.222832303820636,12.675051334702259
1,21:00,SE,479,108,8742,0.05479295355753832,9.734864300626304
1,21:00,SW,490,127,8742,0.05605124685426676,8.771428571428572
1,21:00,W,88,62,8742,0.010066346373827499,3.0795454545454546
1,21:00,unknown,1,1,8742,0.00011439029970258523,2.0
1,22:00,E,142,79,9617,0.014765519392742019,2.8732394366197185
1,22:00,N,4970,364,9617,0.5167931787459706,14.654325955734407
1,22:00,NE,835,212,9617,0.08682541333056047,6.566467065868263
1,22:00,NW,298,109,9617,0.03098679421857128,12.583892617449665
1,22:00,S,2237,235,9617,0.23260892170115421,12.531068395172106
1,22:00,SE,516,116,9617,0.05365498596235833,10.005813953488373
1,22:00,SW,525,133,9617,0.05459082874077155,8.792380952380952
1,22:00,W,93,65,9617,0.009670375376936675,3.225806451612903
1,22:00,unknown,1,1,9617,0.00010398253093480295,2.0
1,23:00,E,142,79,10492,0.01353412123522684,2.8732394366197185
1,23:00,N,5415,364,10492,0.5161075104841785,14.883841181902124
1,23:00,NE,843,212,10492,0.08034693099504385,6.578884934756821
1,23:00,NW,330,117,10492,0.031452535264963784,12.993939393939394
1,23:00,S,2563,244,10492,0.24428135722455205,12.46547015216543
1,23:00,SE,541,117,10492,0.051563095691955774,10.194085027726432
1,23:00,SW,563,136,10492,0.0536599313762867,8.813499111900533
1,23:00,W,94,66,10492,0.008959207014868471,3.2127659574468086
1,23:00,unknown,1,1,10492,0.00009531071292413267,2.0
2,20:00,E,137,69,7037,0.019468523518544834,2.5036496350364965
2,20:00,N,3693,319,7037,0.5247974989342049,13.746547522339561
2,20:00,NE,861,188,7037,0.12235327554355549,5.932636469221835
2,20:00,NW,179,68,7037,0.025436975984084127,10.927374301675977
2,20:00,S,1483,166,7037,0.21074321443797073,14.095077545515846
2,20:00,SE,396,89,7037,0.05627398038937047,9.734848484848484
2,20:00,SW,241,85,7037,0.034247548671308796,11.439834024896266
2,20:00,W,47,37,7037,0.006678982520960637,3.0638297872340425
2,21:00,E,144,71,7818,0.01841903300076746,2.5347222222222223
2,21:00,N,4112,322,7818,0.5259657201330263,13.846546692607005
2,21:00,NE,915,192,7818,0.1170376055257099,6.0950819672131145
2,21:00,NW,203,74,7818,0.025965720133026348,10.970443349753694
2,21:00,S,1672,179,7818,0.21386543873113328,14.04066985645933
2,21:00,SE,443,93,7818,0.05666410846763878,10.033860045146726
2,21:00,SW,278,92,7818,0.035558966487592734,11.201438848920864
2,21:00,W,51,41,7818,0.006523407521105142,2.9411764705882355
2,22:00,E,152,74,8599,0.017676474008605652,2.763157894736842
2,22:00,N,4529,323,8599,0.5266891499011513,14.046809450209759
2,22:00,NE,941,192,8599,0.10943132922432841,6.16365568544102
2,22:00,NW,227,81,8599,0.026398418420746597,11.277533039647578
2,22:00,S,1902,194,8599,0.2211885102918944,13.88801261829653
2,22:00,SE,477,94,8599,0.05547156646121642,10.276729559748428
2,22:00,SW,317,103,8599,0.03686475171531573,10.965299684542586
2,22:00,W,54,44,8599,0.006279799976741482,2.8518518518518516
2,23:00,E,155,74,9383,0.016519236917830117,2.838709677419355
2,23:00,N,4938,323,9383,0.5262709154854525,14.303159173754556
2,23:00,NE,955,194,9383,0.10177981455824363,6.172774869109948
2,23:00,NW,247,83,9383,0.026324203346477674,11.566801619433198
2,23:00,S,2171,208,9383,0.23137589257167218,13.742975587286965
2,23:00,SE,512,97,9383,0.054566769689864646,10.458984375
2,23:00,SW,347,111,9383,0.03698177555152936,10.847262247838616
2,23:00,W,58,48,9383,0.00618139187892998,2.8448275862068964
3,20:00,E,148,77,7767,0.019054976181279774,2.3783783783783785
3,20:00,N,3616,330,7767,0.4655594180507274,12.989491150442477
3,20:00,NE,1067,218,7767,0.13737607827990214,6.077788191190253
3,20:00,NW,160,67,7767,0.020599974250032186,10.05625
3,20:00,S,1967,199,7767,0.2532509334363332,15.808337569903406
3,20:00,SE,495,106,7767,0.06373117033603708,9.468686868686868
3,20:00,SW,279,79,7767,0.03592120509849363,10.365591397849462
3,20:00,W,34,26,7767,0.0043774945281318395,3.2941176470588234
3,20:00,unknown,1,1,7767,0.00012874983906270118,3.0
3,21:00,E,158,81,8623,0.018323089412037575,2.3860759493670884
3,21:00,N,4045,334,8623,0.46909428273222775,13.046971569839307
3,21:00,NE,1155,224,8623,0.13394410298040124,6.17056277056277
3,21:00,NW,175,74,8623,0.020294561057636554,10.154285714285715
3,21:00,S,2191,205,8623,0.25408790444160967,15.79187585577362
3,21:00,SE,538,108,8623,0.06239127913719123,9.45910780669145
3,21:00,SW,318,88,8623,0.036878116664733854,10.069182389937106
3,21:00,W,42,34,8623,0.004870694653832773,3.619047619047619
3,21:00,unknown,1,1,8623,0.00011596892032935173,3.0
3,22:00,E,167,83,9488,0.017601180438448567,2.44311377245509
3,22:00,N,4464,336,9488,0.47048903878583476,13.209677419354838
3,22:00,NE,1216,227,9488,0.1281618887015177,6.275493421052632
3,22:00,NW,195,80,9488,0.020552276559865093,10.107692307692307
3,22:00,S,2448,216,9488,0.2580101180438449,15.61437908496732
3,22:00,SE,576,111,9488,0.06070826306913996,9.546875
3,22:00,SW,374,101,9488,0.039418212478920744,9.95187165775401
3,22:00,W,47,37,9488,0.00495362563237774,3.851063829787234
3,22:00,unknown,1,1,9488,0.00010539629005059021,3.0
3,23:00,E,172,84,10352,0.01661514683153014,2.505813953488372
3,23:00,N,4890,337,10352,0.4723724884080371,13.402044989775051
3,23:00,NE,1245,229,10352,0.12026661514683153,6.339759036144578
3,23:00,NW,214,84,10352,0.020672333848531683,10.490654205607477
3,23:00,S,2745,231,10352,0.2651661514683153,15.353734061930783
3,23:00,SE,610,113,10352,0.0589258114374034,9.660655737704918
3,23:00,SW,425,114,10352,0.0410548686244204,10.044705882352941
3,23:00,W,50,38,10352,0.004829984544049459,4.02
3,23:00,unknown,1,1,10352,0.00009659969088098918,3.0
4,20:00,E,126,68,6784,0.01857311320754717,2.3174603174603177
4,20:00,N,3243,342,6784,0.4780365566037736,12.547024360160345
4,20:00,NE,1120,214,6784,0.1650943396226415,6.011607142857143
4,20:00,NW,168,78,6784,0.024764150943396228,11.380952380952381
4,20:00,S,1546,167,6784,0.22788915094339623,15.846054333764554
4,20:00,SE,325,81,6784,0.04790683962264151,9.116923076923078
4,20:00,SW,194,68,6784,0.028596698113207548,9.907216494845361
4,20:00,W,60,33,6784,0.00884433962264151,6.166666666666667
4,20:00,unknown,2,2,6784,0.00029481132075471697,3.0
4,21:00,E,134,72,7621,0.01758299435769584,2.3358208955223883
4,21:00,N,3676,349,7621,0.4823513974544023,12.526387377584332
4,21:00,NE,1245,224,7621,0.16336438787560686,6.0771084337349395
4,21:00,NW,188,81,7621,0.024668678651095656,11.595744680851064
4,21:00,S,1727,172,7621,0.22661068101299042,15.936884771279676
4,21:00,SE,371,89,7621,0.04868127542317281,9.1455525606469
4,21:00,SW,212,71,7621,0.027817871670384464,9.75943396226415
4,21:00,W,66,35,7621,0.00866028080304422,6.106060606060606
4,21:00,unknown,2,2,7621,0.0002624327516074006,3.0
4,22:00,E,139,75,8456,0.01643803216650899,2.402877697841727
4,22:00,N,4150,352,8456,0.49077578051087983,12.565301204819278
4,22:00,NE,1310,227,8456,0.15491958372753076,6.1664122137404584
4,22:00,NW,218,86,8456,0.025780510879848628,11.853211009174313
4,22:00,S,1931,178,8456,0.2283585619678335,15.920766442257898
4,22:00,SE,402,90,8456,0.04754020813623463,9.211442786069652
4,22:00,SW,233,76,8456,0.027554399243140966,9.639484978540773
4,22:00,W,71,38,8456,0.008396404919583728,5.830985915492958
4,22:00,unknown,2,2,8456,0.00023651844843897824,3.0
4,23:00,E,146,77,9286,0.01572259315097997,2.493150684931507
4,23:00,N,4581,353,9286,0.49332328236054274,12.72342283344248
4,23:00,NE,1363,231,9286,0.14678009907387465,6.273661041819516
4,23:00,NW,260,95,9286,0.027999138488046523,11.988461538461538
4,23:00,S,2161,195,9286,0.23271591643334053,15.758445164275798
4,23:00,SE,436,93,9286,0.04695240146457032,9.447247706422019
4,23:00,SW,257,85,9286,0.027676071505492138,9.536964980544747
4,23:00,W,80,46,9286,0.008615119534783545,5.4875
4,23:00,unknown,2,2,9286,0.00021537798836958864,3.0
5,20:00,E,123,70,6891,0.01784936874183718,2.6910569105691056
5,20:00,N,3439,366,6891,0.4990567406762444,13.015993021227102
5,20:00,NE,1274,250,6891,0.18487882745610215,6.668759811616955
5,20:00,NW,231,93,6891,0.033521985198084456,12.12987012987013
5,20:00,S,1329,157,6891,0.19286025250326513,18.029345372460497
5,20:00,SE,240,61,6891,0.0348280365694384,9.454166666666667
5,20:00,SW,187,62,6891,0.027136845160354084,14.711229946524064
5,20:00,W,67,35,6891,0.009722826875634886,6.970149253731344
5,20:00,unknown,1,1,6891,0.00014511681903932666,3.0
5,21:00,E,134,71,7760,0.017268041237113403,2.701492537313433
5,21:00,N,3921,376,7760,0.5052835051546392,12.904616169344555
5,21:00,NE,1401,263,7760,0.18054123711340206,6.708779443254818
5,21:00,NW,253,97,7760,0.03260309278350516,12.24901185770751
5,21:00,S,1501,161,7760,0.1934278350515464,18.01798800799467
5,21:00,SE,272,66,7760,0.03505154639175258,9.463235294117647
5,21:00,SW,205,67,7760,0.026417525773195876,14.873170731707317
5,21:00,W,72,37,7760,0.009278350515463918,6.916666666666667
5,21:00,unknown,1,1,7760,0.0001288659793814433,3.0
5,22:00,E,140,74,8623,0.016235648846109244,2.6857142857142855
5,22:00,N,4416,379,8623,0.5121187521744173,12.894021739130435
5,22:00,NE,1504,265,8623,0.174417256175345,6.755984042553192
5,22:00,NW,281,102,8623,0.032587266612547836,12.153024911032029
5,22:00,S,1675,164,8623,0.19424794155166417,17.898507462686567
5,22:00,SE,298,68,8623,0.034558738258146815,9.53020134228188
5,22:00,SW,230,68,8623,0.026672851675750897,14.930434782608696
5,22:00,W,78,40,8623,0.009045575785689436,6.67948717948718
5,22:00,unknown,1,1,8623,0.00011596892032935173,3.0
5,23:00,E,145,78,9482,0.015292132461506012,2.7241379310344827
5,23:00,N,4898,379,9482,0.5165576882514238,12.939363005308289
5,23:00,NE,1586,269,9482,0.1672642902341278,6.844892812105927
5,23:00,NW,321,111,9482,0.03385361738029952,12.180685358255452
5,23:00,S,1857,174,9482,0.1958447584897701,17.671513193322564
5,23:00,SE,319,71,9482,0.033642691415313224,9.617554858934168
5,23:00,SW,272,79,9482,0.028685931238135415,14.408088235294118
5,23:00,W,83,44,9482,0.008753427546931028,6.530120481927711
5,23:00,unknown,1,1,9482,0.0001054629824931449,3.0
6,20:00,E,152,73,6249,0.02432389182269163,3.5328947368421053
6,20:00,N,2712,303,6249,0.4339894383101296,11.653761061946902
6,20:00,NE,1138,220,6249,0.18210913746199392,5.702108963093146
6,20:00,NW,190,80,6249,0.03040486477836454,11.173684210526316
6,20:00,S,1438,166,6249,0.23011681869099057,17.28233657858136
6,20:00,SE,381,79,6249,0.060969755160825735,10.21259842519685
6,20:00,SW,183,65,6249,0.02928468554968795,12.524590163934427
6,20:00,W,55,31,6249,0.00880140822531605,6.363636363636363
6,21:00,E,158,75,7032,0.022468714448236633,3.4936708860759493
6,21:00,N,3049,308,7032,0.43358930602957907,11.681862905870778
6,21:00,NE,1275,227,7032,0.18131399317406144,5.709019607843137
6,21:00,NW,217,84,7032,0.030858930602957906,11.433179723502304
6,21:00,S,1625,176,7032,0.23108646188850968,17.268923076923077
6,21:00,SE,433,83,7032,0.06157565415244596,10.133949191685913
6,21:00,SW,213,73,7032,0.030290102389078498,12.60093896713615
6,21:00,W,62,35,7032,0.00881683731513083,6.435483870967742
6,22:00,E,166,77,7809,0.02125752337046997,3.5963855421686746
6,22:00,N,3408,310,7809,0.43641951594314254,11.67987089201878
6,22:00,NE,1387,232,7809,0.17761557177615572,5.777937995674117
6,22:00,NW,239,86,7809,0.030605711358688694,11.715481171548117
6,22:00,S,1816,182,7809,0.23255218337815342,17.262665198237887
6,22:00,SE,484,91,7809,0.06197976693558714,10.080578512396695
6,22:00,SW,239,77,7809,0.030605711358688694,12.539748953974895
6,22:00,W,70,40,7809,0.008964015879113843,6.171428571428572
6,23:00,E,173,79,8586,0.020149079897507572,3.6416184971098264
6,23:00,N,3775,311,8586,0.43966922897740507,11.744635761589404
6,23:00,NE,1471,236,8586,0.17132541346377825,5.875594833446635
6,23:00,NW,263,91,8586,0.03063126019100862,11.85171102661597
6,23:00,S,2024,186,8586,0.2357325879338458,17.12598814229249
6,23:00,SE,532,95,8586,0.061961332401583975,10.261278195488721
6,23:00,SW,267,85,8586,0.031097134870719776,12.247191011235955
6,23:00,W,81,45,8586,0.009433962264150943,6.333333333333333
7,20:00,E,130,69,6378,0.020382565067419253,3.0153846153846153
7,20:00,N,2864,316,6378,0.4490435873314519,11.376047486033519
7,20:00,NE,1189,233,6378,0.18642207588585763,6.434819175777965
7,20:00,NW,242,87,6378,0.03794292881781123,10.177685950413224
7,20:00,S,1353,156,6378,0.2121354656632173,18.664449371766445
7,20:00,SE,328,64,6378,0.051426779554719346,10.524390243902438
7,20:00,SW,222,58,6378,0.034807149576669805,17.27027027027027
7,20:00,W,50,28,6378,0.00783944810285356,7.72
7,21:00,E,139,74,7176,0.019370122630992196,3.014388489208633
7,21:00,N,3228,320,7176,0.4498327759197324,11.430607187112763
7,21:00,NE,1335,243,7176,0.18603678929765885,6.394756554307116
7,21:00,NW,270,89,7176,0.03762541806020067,10.344444444444445
7,21:00,S,1528,160,7176,0.2129319955406912,18.737565445026178
7,21:00,SE,375,69,7176,0.05225752508361204,10.512
7,21:00,SW,240,62,7176,0.033444816053511704,17.05
7,21:00,W,61,32,7176,0.008500557413600892,7.590163934426229
7,22:00,E,150,79,7978,0.0188017046878917,3.0533333333333332
7,22:00,N,3630,323,7978,0.45500125344697917,11.497796143250689
7,22:00,NE,1448,245,7978,0.18149912258711456,6.411602209944752
7,22:00,NW,299,97,7978,0.037478064677864124,10.555183946488294
7,22:00,S,1703,166,7978,0.21346202055653046,18.78919553728714
7,22:00,SE,417,73,7978,0.05226873903233893,10.350119904076738
7,22:00,SW,256,65,7978,0.03208824266733517,17.0703125
7,22:00,W,75,36,7978,0.00940085234394585,7.64
7,23:00,E,156,82,8777,0.01777372678591774,3.1153846153846154
7,23:00,N,4042,326,8777,0.46052181838897116,11.588570014844137
7,23:00,NE,1532,249,8777,0.1745471117693973,6.472584856396867
7,23:00,NW,335,104,8777,0.03816793893129771,10.734328358208955
7,23:00,S,1885,173,8777,0.21476586532983935,18.75968169761273
7,23:00,SE,455,74,8777,0.05184003645892674,10.287912087912089
7,23:00,SW,284,72,8777,0.032357297482055375,16.887323943661972
7,23:00,W,88,41,8777,0.010026204853594622,7.4772727272727275
8,20:00,E,132,65,6468,0.02040816326530612,3.0984848484848486
8,20:00,N,3256,339,6468,0.5034013605442177,11.885135135135135
8,20:00,NE,1010,233,6468,0.15615337043908473,5.855445544554455
8,20:00,NW,215,87,6468,0.033240568954854666,11.43720930232558
8,20:00,S,1414,147,6468,0.21861471861471862,18.775106082036775
8,20:00,SE,261,65,6468,0.040352504638218926,9.551724137931034
8,20:00,SW,145,49,6468,0.022418058132343845,16.420689655172414
8,20:00,W,35,20,6468,0.005411255411255411,6.6
8,21:00,E,141,68,7276,0.01937877954920286,3.2056737588652484
8,21:00,N,3671,343,7276,0.5045354590434304,11.919912830291473
8,21:00,NE,1136,241,7276,0.1561297416162727,5.931338028169014
8,21:00,NW,239,92,7276,0.032847718526663,11.435146443514645
8,21:00,S,1594,154,7276,0.21907641561297417,18.888958594730237
8,21:00,SE,292,70,7276,0.040131940626717974,9.438356164383562
8,21:00,SW,159,56,7276,0.021852666300164927,16.0125786163522
8,21:00,W,44,26,7276,0.006047278724573941,6.681818181818182
8,22:00,E,148,69,8078,0.018321366674919536,3.2027027027027026
8,22:00,N,4103,348,8078,0.507922753156722,11.969534486960761
8,22:00,NE,1229,250,8078,0.1521416192126764,6.0553295362082995
8,22:00,NW,270,101,8078,0.03342411487992077,11.507407407407408
8,22:00,S,1777,165,8078,0.2199801931171082,18.905458638154194
8,22:00,SE,325,75,8078,0.04023273087397871,9.430769230769231
8,22:00,SW,173,59,8078,0.02141619212676405,16.07514450867052
8,22:00,W,53,31,8078,0.006561029957910374,6.528301886792453
8,23:00,E,155,71,8884,0.017447095902746512,3.3096774193548386
8,23:00,N,4532,352,8884,0.510130571814498,12.092453662842013
8,23:00,NE,1310,252,8884,0.1474561008554705,6.134351145038168
8,23:00,NW,300,108,8884,0.03376857271499325,11.653333333333334
8,23:00,S,1979,173,8884,0.22276001800990544,18.821121778676098
8,23:00,SE,350,78,8884,0.03939666816749212,9.585714285714285
8,23:00,SW,201,70,8884,0.022624943719045474,15.497512437810945
8,23:00,W,57,34,8884,0.0064160288158487165,6.473684210526316
9,20:00,E,126,63,6519,0.019328117809479982,3.007936507936508
9,20:00,N,3248,337,6519,0.498235925755484,13.938731527093596
9,20:00,NE,881,194,6519,0.13514342690596717,6.248581157775256
9,20:00,NW,336,115,6519,0.05154164749194662,12.657738095238095
9,20:00,S,1412,160,6519,0.21659763767448995,18.19971671388102
9,20:00,SE,328,81,6519,0.050314465408805034,10.893292682926829
9,20:00,SW,107,52,6519,0.016413560362018714,10.467289719626168
9,20:00,W,77,37,6519,0.011811627550237767,8.753246753246753
9,20:00,unknown,4,1,6519,0.0006135910415707931,2.5
9,21:00,E,137,65,7324,0.01870562534134353,3.0364963503649633
9,21:00,N,3673,341,7324,0.5015019115237576,13.95997821943915
9,21:00,NE,974,201,7324,0.13298743855816494,6.386036960985626
9,21:00,NW,371,123,7324,0.050655379574003276,12.644204851752022
9,21:00,S,1577,162,7324,0.2153194975423266,18.218135700697527
9,21:00,SE,378,86,7324,0.05161114145275805,10.97883597883598
9,21:00,SW,125,60,7324,0.017067176406335337,10.264
9,21:00,W,85,39,7324,0.011605679956308028,8.670588235294117
9,21:00,unknown,4,1,7324,0.0005461496450027307,2.5
9,22:00,E,145,72,8130,0.01783517835178352,3.117241379310345
9,22:00,N,4108,345,8130,0.505289052890529,14.084956183057448
9,22:00,NE,1030,202,8130,0.12669126691266913,6.535922330097088
9,22:00,NW,413,132,8130,0.05079950799507995,12.535108958837773
9,22:00,S,1770,176,8130,0.2177121771217712,18.084180790960453
9,22:00,SE,420,92,8130,0.05166051660516605,11.08095238095238
9,22:00,SW,147,65,8130,0.01808118081180812,10.414965986394558
9,22:00,W,93,44,8130,0.011439114391143911,8.591397849462366
9,22:00,unknown,4,1,8130,0.0004920049200492004,2.5
9,23:00,E,151,74,8930,0.01690929451287794,3.165562913907285
9,23:00,N,4524,345,8930,0.5066069428891378,14.269009725906278
9,23:00,NE,1066,209,8930,0.11937290033594625,6.619136960600375
9,23:00,NW,452,141,8930,0.050615901455767075,12.694690265486726
9,23:00,S,2000,197,8930,0.22396416573348266,17.7745
9,23:00,SE,457,96,8930,0.051175811870100785,11.214442013129103
9,23:00,SW,172,77,8930,0.019260918253079507,10.325581395348838
9,23:00,W,104,50,8930,0.011646136618141097,8.48076923076923
9,23:00,unknown,4,1,8930,0.0004479283314669653,2.5
10,20:00,E,118,49,7682,0.015360583181463161,3.2796610169491527
10,20:00,N,4623,398,7682,0.6017964071856288,14.303698896820247
10,20:00,NE,893,203,7682,0.11624576933090341,6.696528555431131
10,20:00,NW,369,110,7682,0.04803436605050768,13.433604336043361
10,20:00,S,1141,143,7682,0.1485290288987243,15.740578439964944
10,20:00,SE,362,70,7682,0.04712314501431919,8.726519337016574
10,20:00,SW,119,51,7682,0.015490757615204374,11.260504201680673
10,20:00,W,57,33,7682,0.007419942723249154,7.842105263157895
10,21:00,E,124,53,8542,0.014516506672910325,3.2983870967741935
10,21:00,N,5152,399,8542,0.6031374385389838,14.447010869565217
10,21:00,NE,954,207,8542,0.1116834464996488,6.772536687631027
10,21:00,NW,414,120,8542,0.04846640131116835,13.620772946859903
10,21:00,S,1292,150,8542,0.15125263404354952,15.680340557275542
10,21:00,SE,396,75,8542,0.04635916647155233,8.777777777777779
10,21:00,SW,145,61,8542,0.01697494731912901,10.668965517241379
10,21:00,W,65,40,8542,0.007609459143057832,7.476923076923077
10,22:00,E,134,58,9398,0.014258352841030006,3.4402985074626864
10,22:00,N,5687,401,9398,0.6051287507980422,14.621944786354844
10,22:00,NE,981,209,9398,0.10438391147052564,6.801223241590214
10,22:00,NW,458,124,9398,0.04873377314322196,13.87117903930131
10,22:00,S,1467,161,9398,0.15609704192381357,15.493524199045671
10,22:00,SE,424,78,9398,0.04511598212385614,8.915094339622641
10,22:00,SW,170,74,9398,0.01808895509682911,10.3
10,22:00,W,77,46,9398,0.008193232602681422,7.5064935064935066
10,23:00,E,142,60,10256,0.013845553822152886,3.6338028169014085
10,23:00,N,6216,402,10256,0.6060842433697348,14.862290862290862
10,23:00,NE,997,210,10256,0.09721138845553823,6.796389167502507
10,23:00,NW,497,134,10256,0.0484594383775351,14.030181086519114
10,23:00,S,1660,175,10256,0.16185647425897035,15.29578313253012
10,23:00,SE,453,83,10256,0.044169266770670824,9.19205298013245
10,23:00,SW,203,82,10256,0.019793291731669268,10.068965517241379
10,23:00,W,88,50,10256,0.00858034321372855,7.909090909090909
11,20:00,E,97,55,7483,0.012962715488440465,3.020618556701031
11,20:00,N,4096,347,7483,0.5473740478417747,14.730712890625
11,20:00,NE,719,181,7483,0.09608445810503809,7.226703755215577
11,20:00,NW,321,108,7483,0.042897233729787515,11.80373831775701
11,20:00,S,1541,166,7483,0.20593344915140988,14.82024659312135
11,20:00,SE,433,92,7483,0.057864492850461045,11.106235565819862
11,20:00,SW,225,67,7483,0.030068154483495924,9.751111111111111
11,20:00,W,50,36,7483,0.006681812107443539,4.26
11,20:00,unknown,1,1,7483,0.00013363624214887077,1.0
11,21:00,E,103,58,8320,0.012379807692307692,3.1067961165048543
11,21:00,N,4554,348,8320,0.5473557692307692,14.883838383838384
11,21:00,NE,756,187,8320,0.09086538461538461,7.292328042328043
11,21:00,NW,361,114,8320,0.043389423076923075,11.955678670360111
11,21:00,S,1756,178,8320,0.2110576923076923,14.695899772209566
11,21:00,SE,476,96,8320,0.05721153846153846,11.365546218487395
11,21:00,SW,254,77,8320,0.030528846153846153,9.385826771653543
11,21:00,W,59,41,8320,0.007091346153846154,4.559322033898305
11,21:00,unknown,1,1,8320,0.0001201923076923077,1.0
11,22:00,E,109,62,9150,0.011912568306010929,3.2660550458715596
11,22:00,N,5011,349,9150,0.5476502732240437,15.100179604869288
11,22:00,NE,770,189,9150,0.08415300546448087,7.314285714285714
11,22:00,NW,397,120,9150,0.043387978142076504,12.133501259445843
11,22:00,S,1992,193,9150,0.21770491803278688,14.513052208835342
11,22:00,SE,509,101,9150,0.05562841530054645,11.49901768172888
11,22:00,SW,291,87,9150,0.03180327868852459,9.415807560137457
11,22:00,W,70,48,9150,0.007650273224043716,5.1571428571428575
11,22:00,unknown,1,1,9150,0.0001092896174863388,1.0
11,23:00,E,110,62,9989,0.011012113324657123,3.327272727272727
11,23:00,N,5464,351,9989,0.5470017018720593,15.365117130307468
11,23:00,NE,775,190,9989,0.07758534387826609,7.327741935483871
11,23:00,NW,434,123,9989,0.043447792571829014,12.387096774193548
11,23:00,S,2257,199,9989,0.2259485433977375,14.292866637128933
11,23:00,SE,537,105,9989,0.05375913504855341,11.655493482309124
11,23:00,SW,337,100,9989,0.033737110821904094,9.617210682492582
11,23:00,W,74,48,9989,0.007408148963860247,5.445945945945946
11,23:00,unknown,1,1,9989,0.00010011012113324657,1.0
12,20:00,E,131,62,7988,0.016399599399098647,2.4732824427480917
12,20:00,N,4415,378,7988,0.5527040560841262,14.350849377123442
12,20:00,NE,703,197,7988,0.08800701051577366,6.539118065433855
12,20:00,NW,235,96,7988,0.02941912869303956,10.170212765957446
12,20:00,S,1764,200,7988,0.22083124687030545,14.365079365079366
12,20:00,SE,362,103,7988,0.045317976965448176,10.290055248618785
12,20:00,SW,302,93,7988,0.03780671006509765,8.06953642384106
12,20:00,W,73,49,7988,0.00913870806209314,3.452054794520548
12,20:00,unknown,3,1,7988,0.0003755633450175263,2.3333333333333335
12,21:00,E,137,65,8874,0.015438359251746676,2.627737226277372
12,21:00,N,4919,380,8874,0.5543159792652693,14.509859727586909
12,21:00,NE,732,203,8874,0.08248816768086545,6.543715846994536
12,21:00,NW,253,103,8874,0.028510254676583278,10.201581027667984
12,21:00,S,2023,214,8874,0.22796934865900384,14.127039050914483
12,21:00,SE,399,108,8874,0.04496281271129141,10.654135338345865
12,21:00,SW,329,101,8874,0.0370745999549245,8.0790273556231
12,21:00,W,78,54,8874,0.00878972278566599,3.448717948717949
12,21:00,unknown,4,2,8874,0.000450755014649538,2.3333333333333335
12,22:00,E,146,69,9760,0.014959016393442623,2.856164383561644
12,22:00,N,5407,382,9760,0.5539959016393443,14.709635657481043
12,22:00,NE,746,205,9760,0.07643442622950819,6.565683646112601
12,22:00,NW,273,109,9760,0.027971311475409835,10.45054945054945
12,22:00,S,2303,228,9760,0.23596311475409837,13.927920104211898
12,22:00,SE,433,114,9760,0.04436475409836066,10.937644341801386
12,22:00,SW,365,112,9760,0.03739754098360656,8.334246575342465
12,22:00,W,83,56,9760,0.008504098360655738,3.674698795180723
12,22:00,unknown,4,2,9760,0.0004098360655737705,2.3333333333333335
12,23:00,E,153,70,10648,0.014368895567242674,3.0392156862745097
12,23:00,N,5888,383,10648,0.5529676934635612,14.936141304347826
12,23:00,NE,754,207,10648,0.0708114199849737,6.586206896551724
12,23:00,NW,294,116,10648,0.027610818933132983,10.748299319727892
12,23:00,S,2608,232,10648,0.24492862509391436,13.806365030674847
12,23:00,SE,466,121,10648,0.0437640871525169,11.130901287553648
12,23:00,SW,395,120,10648,0.037096168294515404,8.549367088607594
12,23:00,W,86,58,10648,0.008076634109691961,3.6744186046511627
12,23:00,unknown,4,2,10648,0.0003756574004507889,2.3333333333333335
