stratum_type,stratum_value,k,n_rows,eta2_tmax_anomaly,eta2_remaining_warming,tmax_anomaly_cluster_spread,remaining_warming_cluster_spread,outcome_usage
month,1,2,1623,0.024395595099331792,0.000322451752232862,0.9356074467872755,0.06713386518334197,Evaluation only after causal cluster assignment; not used in clustering.
month,1,3,1623,0.033582223388929654,0.019774379246196738,1.307758741594266,0.5790185648967214,Evaluation only after causal cluster assignment; not used in clustering.
month,1,4,1623,0.23740922218636176,0.004497091168553687,3.4419692907628567,0.29754947736241233,Evaluation only after causal cluster assignment; not used in clustering.
month,1,5,1623,0.2935968977773,0.052724668171004706,3.850265726157116,1.2468080340476368,Evaluation only after causal cluster assignment; not used in clustering.
month,1,6,1623,0.2697166315537575,0.060432722240916364,3.7536319837505108,1.5316856780735106,Evaluation only after causal cluster assignment; not used in clustering.
month,2,2,1514,0.02366158972429062,0.028586476904766678,0.830847181634463,0.6129418007880085,Evaluation only after causal cluster assignment; not used in clustering.
month,2,3,1514,0.19207747355816068,0.05841653128725232,2.8005481288332295,1.1130289130298756,Evaluation only after causal cluster assignment; not used in clustering.
month,2,4,1514,0.34253139881001415,0.08389172057111745,3.7238790016567798,1.4243034447821683,Evaluation only after causal cluster assignment; not used in clustering.
month,2,5,1514,0.35348148667523377,0.08350562907629124,3.9998334998335,1.5037409700722395,Evaluation only after causal cluster assignment; not used in clustering.
month,2,6,1514,0.3654231074108822,0.09738927186606246,3.9530777992373594,1.7066796790284102,Evaluation only after causal cluster assignment; not used in clustering.
month,3,2,1727,0.020908130976545425,0.005650661401957644,0.7760880505278395,0.2665462276579986,Evaluation only after causal cluster assignment; not used in clustering.
month,3,3,1727,0.3212331627929237,0.06038218417928956,3.55703527396829,0.8745747399031607,Evaluation only after causal cluster assignment; not used in clustering.
month,3,4,1727,0.2257984527690088,0.07216553641702651,3.115428952019879,0.9902780049641204,Evaluation only after causal cluster assignment; not used in clustering.
month,3,5,1727,0.4211218105177176,0.09699984038981121,4.7774517766497455,1.468854448607673,Evaluation only after causal cluster assignment; not used in clustering.
month,3,6,1727,0.2887237493323689,0.10190985972740522,3.937834429637709,1.5986021771400298,Evaluation only after causal cluster assignment; not used in clustering.
month,4,2,1608,0.006126542408067217,0.05106959777579262,0.35943300059623406,0.7234531571557707,Evaluation only after causal cluster assignment; not used in clustering.
month,4,3,1608,0.025675937621736842,0.1536398411591037,0.7511103704862504,1.3258456585856015,Evaluation only after causal cluster assignment; not used in clustering.
month,4,4,1608,0.1489953601888496,0.16282854752589077,2.3319662139876387,1.4574623076753273,Evaluation only after causal cluster assignment; not used in clustering.
month,4,5,1608,0.2072881979303465,0.18601764162089607,2.441146540027137,1.6392067124332572,Evaluation only after causal cluster assignment; not used in clustering.
month,4,6,1608,0.35963788579244665,0.22799854879898576,4.234676808071303,2.1270966546195904,Evaluation only after causal cluster assignment; not used in clustering.
month,5,2,1695,0.03485039547557958,0.1178779690428747,0.8751769010389701,1.132844050947499,Evaluation only after causal cluster assignment; not used in clustering.
month,5,3,1695,0.0609384017477796,0.24551230198370327,1.4449653290894624,1.7763537437480565,Evaluation only after causal cluster assignment; not used in clustering.
month,5,4,1695,0.05460517080617734,0.28239378526783,1.5338488543099769,2.1986490267396777,Evaluation only after causal cluster assignment; not used in clustering.
month,5,5,1695,0.3834905452537517,0.2316664095453808,4.202826565620359,1.838946790210902,Evaluation only after causal cluster assignment; not used in clustering.
month,5,6,1695,0.35849903597232424,0.2377883176804931,4.52407880556531,2.1922862453531597,Evaluation only after causal cluster assignment; not used in clustering.
month,6,2,1558,0.04785204832654751,0.09648658279298837,0.9151814345254218,1.058700381829461,Evaluation only after causal cluster assignment; not used in clustering.
month,6,3,1558,0.04657206621436402,0.11324574037696793,1.0352570437226871,1.3727664682931826,Evaluation only after causal cluster assignment; not used in clustering.
month,6,4,1558,0.07726307630818634,0.23705588278350978,1.43840067538383,2.012734746514065,Evaluation only after causal cluster assignment; not used in clustering.
month,6,5,1558,0.22285765992988954,0.3071154682771124,2.530469519770381,2.529501944715201,Evaluation only after causal cluster assignment; not used in clustering.
month,6,6,1558,0.2689525272577646,0.25136245034455257,3.2001306620209062,2.403728332337119,Evaluation only after causal cluster assignment; not used in clustering.
month,7,2,1535,0.10284451067861652,0.1935454924979467,1.1856872496060071,1.4374938305643203,Evaluation only after causal cluster assignment; not used in clustering.
month,7,3,1535,0.16557851971699306,0.22068804372853454,1.8482793947111928,1.811732984255946,Evaluation only after causal cluster assignment; not used in clustering.
month,7,4,1535,0.38424884095819356,0.23805669837860072,3.0229525862068964,1.870696849071987,Evaluation only after causal cluster assignment; not used in clustering.
month,7,5,1535,0.423593523210859,0.2629574080749353,3.345237687610569,2.2229040556900723,Evaluation only after causal cluster assignment; not used in clustering.
month,7,6,1535,0.43842825665392704,0.2542387010187085,3.64869757174393,2.2452607709750567,Evaluation only after causal cluster assignment; not used in clustering.
month,8,2,1576,0.06551011636622975,0.15607499335617,1.0260769055921226,1.2638980911434277,Evaluation only after causal cluster assignment; not used in clustering.
month,8,3,1576,0.15710012673854823,0.2011358905966077,1.874635554934563,1.5538640004419155,Evaluation only after causal cluster assignment; not used in clustering.
month,8,4,1576,0.3922993392053161,0.17612570001395214,3.501531004769965,1.772172444359263,Evaluation only after causal cluster assignment; not used in clustering.
month,8,5,1576,0.363997057736432,0.22172350650588624,3.5283842794759823,1.9611970790828652,Evaluation only after causal cluster assignment; not used in clustering.
month,8,6,1576,0.3978197147707658,0.21713039113769453,3.6959102051348216,1.9888685175484548,Evaluation only after causal cluster assignment; not used in clustering.
month,9,2,1544,0.006103312148755986,0.025052957434533927,0.34495256369257,0.5132501865472767,Evaluation only after causal cluster assignment; not used in clustering.
month,9,3,1544,0.01488393433118029,0.1460094468260419,0.5874602371312898,1.3988577212261422,Evaluation only after causal cluster assignment; not used in clustering.
month,9,4,1544,0.3259248632349686,0.15684076320491358,3.190276263743109,1.529102317621955,Evaluation only after causal cluster assignment; not used in clustering.
month,9,5,1544,0.4232438179252213,0.1375462072398785,4.121847645147042,1.4225107623941118,Evaluation only after causal cluster assignment; not used in clustering.
month,9,6,1544,0.3879031871678599,0.14485444748388812,3.8757555808247046,1.8039579468150895,Evaluation only after causal cluster assignment; not used in clustering.
month,10,2,1595,0.038831965407474967,0.00022027804557553184,0.8653956304721382,0.046845593650274076,Evaluation only after causal cluster assignment; not used in clustering.
month,10,3,1595,0.03562620184195514,0.08928349770273207,0.9766271509260476,0.9766970563858515,Evaluation only after causal cluster assignment; not used in clustering.
month,10,4,1595,0.2331089008093385,0.08648853438708337,3.043377026560882,1.0184896991255372,Evaluation only after causal cluster assignment; not used in clustering.
month,10,5,1595,0.32157972373389104,0.0818805853235533,3.2995401996847082,1.2207840236686391,Evaluation only after causal cluster assignment; not used in clustering.
month,10,6,1595,0.33752034546117227,0.09651366856246726,3.3962499084450304,1.446334102609622,Evaluation only after causal cluster assignment; not used in clustering.
month,11,2,1580,0.007484228238369848,0.006081869658109358,0.41031507124222355,0.23536825205699352,Evaluation only after causal cluster assignment; not used in clustering.
month,11,3,1580,0.22775718104618023,0.0032376318273529795,3.0434606954454266,0.22874626849200186,Evaluation only after causal cluster assignment; not used in clustering.
month,11,4,1580,0.24385520458373666,0.02241143691344975,3.47851305832062,0.5306939689784878,Evaluation only after causal cluster assignment; not used in clustering.
month,11,5,1580,0.28714271547886916,0.029549882860903494,3.5263478260869556,0.6473572037510655,Evaluation only after causal cluster assignment; not used in clustering.
month,11,6,1580,0.31346350669712736,0.05924096248073291,3.624915659694534,1.0889971282166788,Evaluation only after causal cluster assignment; not used in clustering.
month,12,2,1705,0.0007192542719963239,0.004798374847035923,0.13513851963164183,0.22163416285483084,Evaluation only after causal cluster assignment; not used in clustering.
month,12,3,1705,0.011225811920879937,0.016361037652518732,0.6320118564667245,0.4942439494538444,Evaluation only after causal cluster assignment; not used in clustering.
month,12,4,1705,0.13430760480886683,0.01467077254797865,2.5037662427906326,0.4680703217288582,Evaluation only after causal cluster assignment; not used in clustering.
month,12,5,1705,0.17421289713484572,0.033421786661269576,3.141078783047695,0.78859052392887,Evaluation only after causal cluster assignment; not used in clustering.
month,12,6,1705,0.21738499705409844,0.08110421534340226,3.4361016423923147,1.708148714031067,Evaluation only after causal cluster assignment; not used in clustering.
season,DJF,2,4842,0.010760286281298806,0.006722696864642729,0.5595122138559788,0.28502390060668104,Evaluation only after causal cluster assignment; not used in clustering.
season,DJF,3,4842,0.11952034199909553,0.013545532090792243,2.2657891263069594,0.4398668123198606,Evaluation only after causal cluster assignment; not used in clustering.
season,DJF,4,4842,0.2248081760061031,0.03705452384535654,2.8930656103492747,0.8423979881926547,Evaluation only after causal cluster assignment; not used in clustering.
season,DJF,5,4842,0.26219890390035805,0.03585431071791297,3.5193211774718014,0.8375966699528974,Evaluation only after causal cluster assignment; not used in clustering.
season,DJF,6,4842,0.27857743376602623,0.052256945447226304,3.8398587289749266,1.2754255260156495,Evaluation only after causal cluster assignment; not used in clustering.
season,JJA,2,4669,0.07509285329659296,0.14156914586950348,1.083992505610341,1.2375448881118283,Evaluation only after causal cluster assignment; not used in clustering.
season,JJA,3,4669,0.193580427572987,0.19631960596263193,2.1345362696445482,1.7460736637127594,Evaluation only after causal cluster assignment; not used in clustering.
season,JJA,4,4669,0.3294595354062466,0.2420356853792065,3.2163595618120047,2.0423762921538726,Evaluation only after causal cluster assignment; not used in clustering.
season,JJA,5,4669,0.2875293890097538,0.19037942431344088,2.772863441091473,2.0358133283427193,Evaluation only after causal cluster assignment; not used in clustering.
season,JJA,6,4669,0.37167678900843604,0.25949965036981204,3.7859434828093512,2.224653795018413,Evaluation only after causal cluster assignment; not used in clustering.
season,MAM,2,5030,0.023658832205114236,0.05105466136902167,0.755803794203124,0.7668855658935669,Evaluation only after causal cluster assignment; not used in clustering.
season,MAM,3,5030,0.07933465739708079,0.15080423881902663,1.4798488903316735,1.3730944174978765,Evaluation only after causal cluster assignment; not used in clustering.
season,MAM,4,5030,0.1533991450645974,0.15671336762329524,2.7725020121328225,1.4701538256483977,Evaluation only after causal cluster assignment; not used in clustering.
season,MAM,5,5030,0.35007987601881885,0.16916090669387146,3.7351190815572317,1.8376928575038445,Evaluation only after causal cluster assignment; not used in clustering.
season,MAM,6,5030,0.3465269581392327,0.18375424605853713,3.458444869864107,2.0273684519700996,Evaluation only after causal cluster assignment; not used in clustering.
season,SON,2,4719,0.037894536344889485,0.00244358744978347,0.8805830770208427,0.15496813893499684,Evaluation only after causal cluster assignment; not used in clustering.
season,SON,3,4719,0.04171567351648451,0.08121104207529421,1.1292283081019097,0.9783436305870381,Evaluation only after causal cluster assignment; not used in clustering.
season,SON,4,4719,0.24706068771436837,0.07936676573004303,3.2156856952544066,1.0341213806874914,Evaluation only after causal cluster assignment; not used in clustering.
season,SON,5,4719,0.33008277797820706,0.07336204824958659,3.561189792545262,1.0853631533338377,Evaluation only after causal cluster assignment; not used in clustering.
season,SON,6,4719,0.35086846895931834,0.09984009584442877,3.53362555908517,1.4490390011223344,Evaluation only after causal cluster assignment; not used in clustering.
