candidate_version,candidate_id,source_candidate_ids,source_strategy,macro_regime_label,subtype_label,latent_component_id,component_family_prior,stratum_type,stratum_value,n_source_rows,mean_interpretability_score,physical_signature,wind_dir_deg_mean,wind_speed_mean,qnh_hpa_mean,relh_mean,dewpoint_depression_mean,precip_pre_cp_sum_mean,cloud_cover_score_mean,temp_slope_pre_cp_mean,dominant_current_regime,design_rationale,causal_inputs,production_status,next_gate_action
v2,RDC-V1-MONTH-1-C00,RDC-V1-MONTH-1-C00,v1_centroid_revision,macro_southerly_flow,subtype_southerly_disrupted,RDC-V1-MONTH-1-C00,southerly_disrupted_candidate,month,1,162,0.5,southerly_flow;moist_cloudy_or_rain,202.77518350534456,7.359122003006018,1026.0837790050468,91.41239165901652,1.4413577785653808,0.0,2.911289242546409,0.028206397399200382,southerly_disrupted,Recast v1 family southerly_disrupted_candidate as macro_southerly_flow / subtype_southerly_disrupted; dead or low-confidence families remain subtypes rather than promoted macros.,"pre-CP physical centroids: wind direction, wind speed, pressure, humidity, dewpoint depression, precipitation, cloud cover, and pre-CP temperature slope",NOT_PRODUCTION,Keep in regime-design review; run Onda 4 robustness and final physical interpretation before any production classifier change.
v2,RDC-V1-MONTH-1-C01,RDC-V1-MONTH-1-C01,v1_centroid_revision,macro_southerly_flow,subtype_southerly_disrupted,RDC-V1-MONTH-1-C01,southerly_disrupted_candidate,month,1,263,0.6,southerly_flow;windy;moist_cloudy_or_rain,181.3436277881383,13.698875013224947,1007.8470464807916,86.7654540669148,2.2553904358344377,0.0,2.1273377104439106,-0.1287148224454215,southerly_disrupted,Recast v1 family southerly_disrupted_candidate as macro_southerly_flow / subtype_southerly_disrupted; dead or low-confidence families remain subtypes rather than promoted macros.,"pre-CP physical centroids: wind direction, wind speed, pressure, humidity, dewpoint depression, precipitation, cloud cover, and pre-CP temperature slope",NOT_PRODUCTION,Keep in regime-design review; run Onda 4 robustness and final physical interpretation before any production classifier change.
v2,RDC-V1-MONTH-1-C02,RDC-V1-MONTH-1-C02,v1_centroid_revision,macro_nw_continuum,subtype_nw_or_foehn,RDC-V1-MONTH-1-C02,nw_or_foehn_candidate,month,1,400,0.4,northerly_nw_flow;windy,4.244413811946266,17.91406854125883,1011.5407946449873,82.18044475298146,3.129945712015864,0.0,2.909359434179623,0.15472855151179116,southerly_disrupted,Recast v1 family nw_or_foehn_candidate as macro_nw_continuum / subtype_nw_or_foehn; dead or low-confidence families remain subtypes rather than promoted macros.,"pre-CP physical centroids: wind direction, wind speed, pressure, humidity, dewpoint depression, precipitation, cloud cover, and pre-CP temperature slope",NOT_PRODUCTION,Keep in regime-design review; run Onda 4 robustness and final physical interpretation before any production classifier change.
v2,RDC-V1-MONTH-1-C03,RDC-V1-MONTH-1-C03,v1_centroid_revision,macro_nw_continuum,subtype_nw_or_foehn,RDC-V1-MONTH-1-C03,nw_or_foehn_candidate,month,1,307,0.3,northerly_nw_flow,16.59280502205264,9.294823564878412,1013.1846054572188,79.83390760908215,3.580174835338912,0.0,1.8221372365179778,0.30934620436856153,southerly_disrupted,Recast v1 family nw_or_foehn_candidate as macro_nw_continuum / subtype_nw_or_foehn; dead or low-confidence families remain subtypes rather than promoted macros.,"pre-CP physical centroids: wind direction, wind speed, pressure, humidity, dewpoint depression, precipitation, cloud cover, and pre-CP temperature slope",NOT_PRODUCTION,Keep in regime-design review; run Onda 4 robustness and final physical interpretation before any production classifier change.
v2,RDC-V1-MONTH-1-C04,RDC-V1-MONTH-1-C04,v1_centroid_revision,macro_nw_continuum,subtype_nw_or_foehn,RDC-V1-MONTH-1-C04,nw_or_foehn_candidate,month,1,204,0.4,northerly_nw_flow;windy,350.9733871638171,17.939214038005264,1007.9123691246572,70.89018492220347,5.442952378909612,0.0,1.6285774090549248,0.11644786471237904,southerly_disrupted,Recast v1 family nw_or_foehn_candidate as macro_nw_continuum / subtype_nw_or_foehn; dead or low-confidence families remain subtypes rather than promoted macros.,"pre-CP physical centroids: wind direction, wind speed, pressure, humidity, dewpoint depression, precipitation, cloud cover, and pre-CP temperature slope",NOT_PRODUCTION,Keep in regime-design review; run Onda 4 robustness and final physical interpretation before any production classifier change.
v2,RDC-V1-MONTH-1-C05,RDC-V1-MONTH-1-C05,v1_centroid_revision,macro_southerly_flow,subtype_southerly_disrupted,RDC-V1-MONTH-1-C05,southerly_disrupted_candidate,month,1,287,0.35,southerly_flow,154.60514481561617,9.774812754995683,1017.5314868198162,74.711083316751,4.5128272666164655,0.0,2.463306023515894,0.12197095546237456,southerly_disrupted,Recast v1 family southerly_disrupted_candidate as macro_southerly_flow / subtype_southerly_disrupted; dead or low-confidence families remain subtypes rather than promoted macros.,"pre-CP physical centroids: wind direction, wind speed, pressure, humidity, dewpoint depression, precipitation, cloud cover, and pre-CP temperature slope",NOT_PRODUCTION,Keep in regime-design review; run Onda 4 robustness and final physical interpretation before any production classifier change.
v2,RDC-V1-MONTH-10-C00,RDC-V1-MONTH-10-C00,v1_centroid_revision,macro_nw_continuum,subtype_nw_or_foehn,RDC-V1-MONTH-10-C00,nw_or_foehn_candidate,month,10,159,0.4,northerly_nw_flow;windy,341.79895939554785,14.496432389924397,1003.578633524023,67.12084237146287,6.101406277741972,0.0,1.516995149511302,0.07560445092068994,southerly_disrupted,Recast v1 family nw_or_foehn_candidate as macro_nw_continuum / subtype_nw_or_foehn; dead or low-confidence families remain subtypes rather than promoted macros.,"pre-CP physical centroids: wind direction, wind speed, pressure, humidity, dewpoint depression, precipitation, cloud cover, and pre-CP temperature slope",NOT_PRODUCTION,Keep in regime-design review; run Onda 4 robustness and final physical interpretation before any production classifier change.
v2,RDC-V1-MONTH-10-C01,RDC-V1-MONTH-10-C01,v1_centroid_revision,macro_nw_continuum,subtype_nw_or_foehn,RDC-V1-MONTH-10-C01,nw_or_foehn_candidate,month,10,331,0.4,northerly_nw_flow;windy,6.772642830851418,15.961294616689994,1014.7186961712733,76.62528309998561,4.073584696277787,0.0,1.9205044771402666,0.21294764440638492,southerly_disrupted,Recast v1 family nw_or_foehn_candidate as macro_nw_continuum / subtype_nw_or_foehn; dead or low-confidence families remain subtypes rather than promoted macros.,"pre-CP physical centroids: wind direction, wind speed, pressure, humidity, dewpoint depression, precipitation, cloud cover, and pre-CP temperature slope",NOT_PRODUCTION,Keep in regime-design review; run Onda 4 robustness and final physical interpretation before any production classifier change.
v2,RDC-V1-MONTH-10-C02,RDC-V1-MONTH-10-C02,v1_centroid_revision,macro_nw_continuum,subtype_nw_or_foehn,RDC-V1-MONTH-10-C02,nw_or_foehn_candidate,month,10,333,0.4,northerly_nw_flow;windy,355.04753964424185,18.62755555162732,1011.2721988612537,83.10837771149657,2.8762027189484907,0.0,2.9764794189172754,0.09294901501120373,southerly_disrupted,Recast v1 family nw_or_foehn_candidate as macro_nw_continuum / subtype_nw_or_foehn; dead or low-confidence families remain subtypes rather than promoted macros.,"pre-CP physical centroids: wind direction, wind speed, pressure, humidity, dewpoint depression, precipitation, cloud cover, and pre-CP temperature slope",NOT_PRODUCTION,Keep in regime-design review; run Onda 4 robustness and final physical interpretation before any production classifier change.
v2,RDC-V1-MONTH-10-C03,RDC-V1-MONTH-10-C03,v1_centroid_revision,macro_southerly_flow,subtype_southerly_disrupted,RDC-V1-MONTH-10-C03,southerly_disrupted_candidate,month,10,215,0.6,southerly_flow;windy;moist_cloudy_or_rain,193.29941971799764,13.682359759899665,1005.8992428728395,86.53313870807793,2.228010797460769,0.0,2.394937902819671,-0.1341905923137708,southerly_disrupted,Recast v1 family southerly_disrupted_candidate as macro_southerly_flow / subtype_southerly_disrupted; dead or low-confidence families remain subtypes rather than promoted macros.,"pre-CP physical centroids: wind direction, wind speed, pressure, humidity, dewpoint depression, precipitation, cloud cover, and pre-CP temperature slope",NOT_PRODUCTION,Keep in regime-design review; run Onda 4 robustness and final physical interpretation before any production classifier change.
v2,RDC-V1-MONTH-10-C04,RDC-V1-MONTH-10-C04,v1_centroid_revision,macro_nw_continuum,subtype_nw_or_foehn,RDC-V1-MONTH-10-C04,nw_or_foehn_candidate,month,10,393,0.3,northerly_nw_flow,23.946221404608053,7.440823210939626,1016.3773970435345,83.36299169973658,2.7797887183050953,0.0,2.3498901142639093,0.2511937754113558,southerly_disrupted,Recast v1 family nw_or_foehn_candidate as macro_nw_continuum / subtype_nw_or_foehn; dead or low-confidence families remain subtypes rather than promoted macros.,"pre-CP physical centroids: wind direction, wind speed, pressure, humidity, dewpoint depression, precipitation, cloud cover, and pre-CP temperature slope",NOT_PRODUCTION,Keep in regime-design review; run Onda 4 robustness and final physical interpretation before any production classifier change.
v2,RDC-V1-MONTH-10-C05,RDC-V1-MONTH-10-C05,v1_centroid_revision,macro_southerly_flow,subtype_southerly_disrupted,RDC-V1-MONTH-10-C05,southerly_disrupted_candidate,month,10,164,0.44999999999999996,southerly_flow;windy,162.8608587583552,14.011011354837573,1020.4312684858828,71.29691340451554,5.050432130538838,0.0,2.0014207938247996,0.047324768643845334,southerly_disrupted,Recast v1 family southerly_disrupted_candidate as macro_southerly_flow / subtype_southerly_disrupted; dead or low-confidence families remain subtypes rather than promoted macros.,"pre-CP physical centroids: wind direction, wind speed, pressure, humidity, dewpoint depression, precipitation, cloud cover, and pre-CP temperature slope",NOT_PRODUCTION,Keep in regime-design review; run Onda 4 robustness and final physical interpretation before any production classifier change.
v2,RDC-V1-MONTH-11-C00,RDC-V1-MONTH-11-C00,v1_centroid_revision,macro_nw_continuum,subtype_nw_or_foehn,RDC-V1-MONTH-11-C00,nw_or_foehn_candidate,month,11,146,0.4,northerly_nw_flow;windy,333.2991557917466,15.823248244825903,1002.8759169155576,68.17376544054227,5.930452128133708,0.0,1.8439449812244002,0.05980785280251737,southerly_disrupted,Recast v1 family nw_or_foehn_candidate as macro_nw_continuum / subtype_nw_or_foehn; dead or low-confidence families remain subtypes rather than promoted macros.,"pre-CP physical centroids: wind direction, wind speed, pressure, humidity, dewpoint depression, precipitation, cloud cover, and pre-CP temperature slope",NOT_PRODUCTION,Keep in regime-design review; run Onda 4 robustness and final physical interpretation before any production classifier change.
v2,RDC-V1-MONTH-11-C01,RDC-V1-MONTH-11-C01,v1_centroid_revision,macro_nw_continuum,subtype_nw_or_foehn,RDC-V1-MONTH-11-C01,nw_or_foehn_candidate,month,11,385,0.4,northerly_nw_flow;windy,356.22092804894817,18.252241434903116,1008.6269525124318,83.62135353661058,2.809880737778888,0.0,2.960015104679106,0.10708303548234986,southerly_disrupted,Recast v1 family nw_or_foehn_candidate as macro_nw_continuum / subtype_nw_or_foehn; dead or low-confidence families remain subtypes rather than promoted macros.,"pre-CP physical centroids: wind direction, wind speed, pressure, humidity, dewpoint depression, precipitation, cloud cover, and pre-CP temperature slope",NOT_PRODUCTION,Keep in regime-design review; run Onda 4 robustness and final physical interpretation before any production classifier change.
v2,RDC-V1-MONTH-11-C02,RDC-V1-MONTH-11-C02,v1_centroid_revision,macro_southerly_flow,subtype_southerly_disrupted,RDC-V1-MONTH-11-C02,southerly_disrupted_candidate,month,11,236,0.6,southerly_flow;windy;moist_cloudy_or_rain,184.12399481918663,12.033532030627,1014.4134476799375,90.23175139951582,1.613090262571439,0.0,2.607006230731722,-0.0665761368125671,southerly_disrupted,Recast v1 family southerly_disrupted_candidate as macro_southerly_flow / subtype_southerly_disrupted; dead or low-confidence families remain subtypes rather than promoted macros.,"pre-CP physical centroids: wind direction, wind speed, pressure, humidity, dewpoint depression, precipitation, cloud cover, and pre-CP temperature slope",NOT_PRODUCTION,Keep in regime-design review; run Onda 4 robustness and final physical interpretation before any production classifier change.
v2,RDC-V1-MONTH-11-C03,RDC-V1-MONTH-11-C03,v1_centroid_revision,macro_nw_continuum,subtype_nw_or_foehn,RDC-V1-MONTH-11-C03,nw_or_foehn_candidate,month,11,274,0.4,northerly_nw_flow;windy,9.32274914208181,14.558850586920535,1013.3526101220791,75.08511748725633,4.441600378677556,0.0,1.6808492261838317,0.29909270140990524,southerly_disrupted,Recast v1 family nw_or_foehn_candidate as macro_nw_continuum / subtype_nw_or_foehn; dead or low-confidence families remain subtypes rather than promoted macros.,"pre-CP physical centroids: wind direction, wind speed, pressure, humidity, dewpoint depression, precipitation, cloud cover, and pre-CP temperature slope",NOT_PRODUCTION,Keep in regime-design review; run Onda 4 robustness and final physical interpretation before any production classifier change.
v2,RDC-V1-MONTH-11-C04,RDC-V1-MONTH-11-C04,v1_centroid_revision,macro_nw_continuum,subtype_nw_or_foehn,RDC-V1-MONTH-11-C04,nw_or_foehn_candidate,month,11,301,0.3,northerly_nw_flow,24.70016507319569,7.331203244349635,1015.4461260813534,82.44760607732607,2.9939945480547845,0.0,2.3048891300507153,0.2440547207896274,southerly_disrupted,Recast v1 family nw_or_foehn_candidate as macro_nw_continuum / subtype_nw_or_foehn; dead or low-confidence families remain subtypes rather than promoted macros.,"pre-CP physical centroids: wind direction, wind speed, pressure, humidity, dewpoint depression, precipitation, cloud cover, and pre-CP temperature slope",NOT_PRODUCTION,Keep in regime-design review; run Onda 4 robustness and final physical interpretation before any production classifier change.
v2,RDC-V1-MONTH-11-C05,RDC-V1-MONTH-11-C05,v1_centroid_revision,macro_southerly_flow,subtype_southerly_disrupted,RDC-V1-MONTH-11-C05,southerly_disrupted_candidate,month,11,238,0.44999999999999996,southerly_flow;windy,164.81006798739543,14.7814329416046,1021.0609861900216,71.8081375767473,4.997403645086202,0.0,2.137913114096155,0.09336439103760219,southerly_disrupted,Recast v1 family southerly_disrupted_candidate as macro_southerly_flow / subtype_southerly_disrupted; dead or low-confidence families remain subtypes rather than promoted macros.,"pre-CP physical centroids: wind direction, wind speed, pressure, humidity, dewpoint depression, precipitation, cloud cover, and pre-CP temperature slope",NOT_PRODUCTION,Keep in regime-design review; run Onda 4 robustness and final physical interpretation before any production classifier change.
v2,RDC-V1-MONTH-12-C00,RDC-V1-MONTH-12-C00,v1_centroid_revision,macro_southerly_flow,subtype_southerly_disrupted,RDC-V1-MONTH-12-C00,southerly_disrupted_candidate,month,12,187,0.5,southerly_flow;moist_cloudy_or_rain,193.07891914417172,8.2536111978387,1017.724507743291,88.65744223307462,1.9103584436073713,0.0,2.797642310386593,0.04949331625147891,southerly_disrupted,Recast v1 family southerly_disrupted_candidate as macro_southerly_flow / subtype_southerly_disrupted; dead or low-confidence families remain subtypes rather than promoted macros.,"pre-CP physical centroids: wind direction, wind speed, pressure, humidity, dewpoint depression, precipitation, cloud cover, and pre-CP temperature slope",NOT_PRODUCTION,Keep in regime-design review; run Onda 4 robustness and final physical interpretation before any production classifier change.
v2,RDC-V1-MONTH-12-C01,RDC-V1-MONTH-12-C01,v1_centroid_revision,macro_nw_continuum,subtype_nw_or_foehn,RDC-V1-MONTH-12-C01,nw_or_foehn_candidate,month,12,461,0.4,northerly_nw_flow;windy,358.70184742839075,18.70127173380969,1010.3687403239057,81.7487102238298,3.1984956114023353,0.0,2.846673206474543,0.13445515300418506,southerly_disrupted,Recast v1 family nw_or_foehn_candidate as macro_nw_continuum / subtype_nw_or_foehn; dead or low-confidence families remain subtypes rather than promoted macros.,"pre-CP physical centroids: wind direction, wind speed, pressure, humidity, dewpoint depression, precipitation, cloud cover, and pre-CP temperature slope",NOT_PRODUCTION,Keep in regime-design review; run Onda 4 robustness and final physical interpretation before any production classifier change.
v2,RDC-V1-MONTH-12-C02,RDC-V1-MONTH-12-C02,v1_centroid_revision,macro_light_marine_or_residual,subtype_transition_low_confidence,RDC-V1-MONTH-12-C02,mixed_or_transition,month,12,208,0.25,westerly_component;windy,232.6951768361534,15.846426550105758,1009.7760828421566,69.84576782810295,5.5572231349727055,0.0,1.647925324997967,0.12514900434644846,southerly_disrupted,Recast v1 family mixed_or_transition as macro_light_marine_or_residual / subtype_transition_low_confidence; dead or low-confidence families remain subtypes rather than promoted macros.,"pre-CP physical centroids: wind direction, wind speed, pressure, humidity, dewpoint depression, precipitation, cloud cover, and pre-CP temperature slope",NOT_PRODUCTION,Keep in regime-design review; run Onda 4 robustness and final physical interpretation before any production classifier change.
v2,RDC-V1-MONTH-12-C03,RDC-V1-MONTH-12-C03,v1_centroid_revision,macro_southerly_flow,subtype_southerly_disrupted,RDC-V1-MONTH-12-C03,southerly_disrupted_candidate,month,12,210,0.6,southerly_flow;windy;moist_cloudy_or_rain,182.12337674910137,17.018795128162235,1007.6043169527917,87.80544392437389,2.0559583310938043,0.0,2.3097222259104506,-0.16277855397835192,southerly_disrupted,Recast v1 family southerly_disrupted_candidate as macro_southerly_flow / subtype_southerly_disrupted; dead or low-confidence families remain subtypes rather than promoted macros.,"pre-CP physical centroids: wind direction, wind speed, pressure, humidity, dewpoint depression, precipitation, cloud cover, and pre-CP temperature slope",NOT_PRODUCTION,Keep in regime-design review; run Onda 4 robustness and final physical interpretation before any production classifier change.
v2,RDC-V1-MONTH-12-C04,RDC-V1-MONTH-12-C04,v1_centroid_revision,macro_nw_continuum,subtype_nw_or_foehn,RDC-V1-MONTH-12-C04,nw_or_foehn_candidate,month,12,236,0.44999999999999996,northerly_nw_flow;moist_cloudy_or_rain,12.34775185389179,9.110342377957886,1009.491378070632,87.74115986412521,2.083327926563208,0.0,2.1897534508488192,0.1375231999977896,southerly_disrupted,Recast v1 family nw_or_foehn_candidate as macro_nw_continuum / subtype_nw_or_foehn; dead or low-confidence families remain subtypes rather than promoted macros.,"pre-CP physical centroids: wind direction, wind speed, pressure, humidity, dewpoint depression, precipitation, cloud cover, and pre-CP temperature slope",NOT_PRODUCTION,Keep in regime-design review; run Onda 4 robustness and final physical interpretation before any production classifier change.
v2,RDC-V1-MONTH-12-C05,RDC-V1-MONTH-12-C05,v1_centroid_revision,macro_nw_continuum,subtype_nw_or_foehn,RDC-V1-MONTH-12-C05,nw_or_foehn_candidate,month,12,403,0.3,northerly_nw_flow,31.64038494204017,9.813175545819304,1015.7562442871715,76.55349235395273,4.169821829253807,0.0,2.0992301805890334,0.29725119849805587,southerly_disrupted,Recast v1 family nw_or_foehn_candidate as macro_nw_continuum / subtype_nw_or_foehn; dead or low-confidence families remain subtypes rather than promoted macros.,"pre-CP physical centroids: wind direction, wind speed, pressure, humidity, dewpoint depression, precipitation, cloud cover, and pre-CP temperature slope",NOT_PRODUCTION,Keep in regime-design review; run Onda 4 robustness and final physical interpretation before any production classifier change.
v2,RDC-V1-MONTH-2-C00,RDC-V1-MONTH-2-C00,v1_centroid_revision,macro_southerly_flow,subtype_southerly_disrupted,RDC-V1-MONTH-2-C00,southerly_disrupted_candidate,month,2,212,0.6,southerly_flow;windy;moist_cloudy_or_rain,194.98090469667943,15.344968692915103,1011.5613497142326,91.15526852616196,1.4872152139896695,0.0,2.734743263612558,-0.13454337660516213,southerly_disrupted,Recast v1 family southerly_disrupted_candidate as macro_southerly_flow / subtype_southerly_disrupted; dead or low-confidence families remain subtypes rather than promoted macros.,"pre-CP physical centroids: wind direction, wind speed, pressure, humidity, dewpoint depression, precipitation, cloud cover, and pre-CP temperature slope",NOT_PRODUCTION,Keep in regime-design review; run Onda 4 robustness and final physical interpretation before any production classifier change.
v2,RDC-V1-MONTH-2-C01,RDC-V1-MONTH-2-C01,v1_centroid_revision,macro_nw_continuum,subtype_nw_or_foehn,RDC-V1-MONTH-2-C01,nw_or_foehn_candidate,month,2,147,0.4,northerly_nw_flow;windy,348.3138286574309,16.376948021531504,1005.2950203418919,70.8677353832515,5.471038012644232,0.0,1.7950070185285325,0.05744680848885002,southerly_disrupted,Recast v1 family nw_or_foehn_candidate as macro_nw_continuum / subtype_nw_or_foehn; dead or low-confidence families remain subtypes rather than promoted macros.,"pre-CP physical centroids: wind direction, wind speed, pressure, humidity, dewpoint depression, precipitation, cloud cover, and pre-CP temperature slope",NOT_PRODUCTION,Keep in regime-design review; run Onda 4 robustness and final physical interpretation before any production classifier change.
v2,RDC-V1-MONTH-2-C02,RDC-V1-MONTH-2-C02,v1_centroid_revision,macro_light_marine_or_residual,subtype_maritime_cloudy,RDC-V1-MONTH-2-C02,maritime_cloudy_candidate,month,2,261,0.3,easterly_component;moist_cloudy_or_rain,82.5493821293242,7.305269486784032,1018.6818277456664,85.94048192701945,2.39576805323601,0.0,2.1648443803466715,0.048668161343866825,southerly_disrupted,Recast v1 family maritime_cloudy_candidate as macro_light_marine_or_residual / subtype_maritime_cloudy; dead or low-confidence families remain subtypes rather than promoted macros.,"pre-CP physical centroids: wind direction, wind speed, pressure, humidity, dewpoint depression, precipitation, cloud cover, and pre-CP temperature slope",NOT_PRODUCTION,Keep in regime-design review; run Onda 4 robustness and final physical interpretation before any production classifier change.
v2,RDC-V1-MONTH-2-C03,RDC-V1-MONTH-2-C03,v1_centroid_revision,macro_nw_continuum,subtype_nw_or_foehn,RDC-V1-MONTH-2-C03,nw_or_foehn_candidate,month,2,310,0.4,northerly_nw_flow;windy,18.607606870983894,10.098820443766384,1016.1709941057143,78.55231983960604,3.8088785456290304,0.0,1.597496545896995,0.25121565619387376,southerly_disrupted,Recast v1 family nw_or_foehn_candidate as macro_nw_continuum / subtype_nw_or_foehn; dead or low-confidence families remain subtypes rather than promoted macros.,"pre-CP physical centroids: wind direction, wind speed, pressure, humidity, dewpoint depression, precipitation, cloud cover, and pre-CP temperature slope",NOT_PRODUCTION,Keep in regime-design review; run Onda 4 robustness and final physical interpretation before any production classifier change.
v2,RDC-V1-MONTH-2-C04,RDC-V1-MONTH-2-C04,v1_centroid_revision,macro_nw_continuum,subtype_nw_or_foehn,RDC-V1-MONTH-2-C04,nw_or_foehn_candidate,month,2,381,0.4,northerly_nw_flow;windy,4.959686700601224,16.877746988199576,1013.2426276529651,81.42177410499987,3.2828869643045815,0.0,2.7688583448524144,0.1281636022124457,southerly_disrupted,Recast v1 family nw_or_foehn_candidate as macro_nw_continuum / subtype_nw_or_foehn; dead or low-confidence families remain subtypes rather than promoted macros.,"pre-CP physical centroids: wind direction, wind speed, pressure, humidity, dewpoint depression, precipitation, cloud cover, and pre-CP temperature slope",NOT_PRODUCTION,Keep in regime-design review; run Onda 4 robustness and final physical interpretation before any production classifier change.
v2,RDC-V1-MONTH-2-C05,RDC-V1-MONTH-2-C05,v1_centroid_revision,macro_southerly_flow,subtype_southerly_disrupted,RDC-V1-MONTH-2-C05,southerly_disrupted_candidate,month,2,203,0.44999999999999996,southerly_flow;windy,158.27560953527248,12.57817104339737,1020.6995247049944,70.97975004386323,5.280795803444844,0.0,2.0364195513096406,0.10331466766506651,southerly_disrupted,Recast v1 family southerly_disrupted_candidate as macro_southerly_flow / subtype_southerly_disrupted; dead or low-confidence families remain subtypes rather than promoted macros.,"pre-CP physical centroids: wind direction, wind speed, pressure, humidity, dewpoint depression, precipitation, cloud cover, and pre-CP temperature slope",NOT_PRODUCTION,Keep in regime-design review; run Onda 4 robustness and final physical interpretation before any production classifier change.
v2,RDC-V1-MONTH-3-C00,RDC-V1-MONTH-3-C00,v1_centroid_revision,macro_southerly_flow,subtype_southerly_disrupted,RDC-V1-MONTH-3-C00,southerly_disrupted_candidate,month,3,235,0.6,southerly_flow;windy;moist_cloudy_or_rain,203.14539914204065,11.693186443869669,1013.4614204256595,89.78946459061811,1.7147576967299993,0.0,3.0453510641352923,-0.1119041094591781,southerly_disrupted,Recast v1 family southerly_disrupted_candidate as macro_southerly_flow / subtype_southerly_disrupted; dead or low-confidence families remain subtypes rather than promoted macros.,"pre-CP physical centroids: wind direction, wind speed, pressure, humidity, dewpoint depression, precipitation, cloud cover, and pre-CP temperature slope",NOT_PRODUCTION,Keep in regime-design review; run Onda 4 robustness and final physical interpretation before any production classifier change.
v2,RDC-V1-MONTH-3-C01,RDC-V1-MONTH-3-C01,v1_centroid_revision,macro_nw_continuum,subtype_nw_or_foehn,RDC-V1-MONTH-3-C01,nw_or_foehn_candidate,month,3,344,0.44999999999999996,northerly_nw_flow;moist_cloudy_or_rain,21.582111930906024,7.461877329332014,1017.5541751080566,85.07310779167886,2.5327046768865613,0.0,1.7626944110945615,0.018523711984319832,southerly_disrupted,Recast v1 family nw_or_foehn_candidate as macro_nw_continuum / subtype_nw_or_foehn; dead or low-confidence families remain subtypes rather than promoted macros.,"pre-CP physical centroids: wind direction, wind speed, pressure, humidity, dewpoint depression, precipitation, cloud cover, and pre-CP temperature slope",NOT_PRODUCTION,Keep in regime-design review; run Onda 4 robustness and final physical interpretation before any production classifier change.
v2,RDC-V1-MONTH-3-C02,RDC-V1-MONTH-3-C02,v1_centroid_revision,macro_southerly_flow,subtype_southerly_disrupted,RDC-V1-MONTH-3-C02,southerly_disrupted_candidate,month,3,183,0.6,southerly_flow;windy;moist_cloudy_or_rain,174.29168161528307,15.102605894741885,1024.6121851846224,85.97940713501097,2.3647042969037355,0.0,2.1542528162750694,0.024767675204212122,southerly_disrupted,Recast v1 family southerly_disrupted_candidate as macro_southerly_flow / subtype_southerly_disrupted; dead or low-confidence families remain subtypes rather than promoted macros.,"pre-CP physical centroids: wind direction, wind speed, pressure, humidity, dewpoint depression, precipitation, cloud cover, and pre-CP temperature slope",NOT_PRODUCTION,Keep in regime-design review; run Onda 4 robustness and final physical interpretation before any production classifier change.
v2,RDC-V1-MONTH-3-C03,RDC-V1-MONTH-3-C03,v1_centroid_revision,macro_nw_continuum,subtype_nw_or_foehn,RDC-V1-MONTH-3-C03,nw_or_foehn_candidate,month,3,308,0.4,northerly_nw_flow;windy,336.1105372764572,19.94392043678173,1011.3149821002553,74.47589069493955,4.608878886955807,0.0,1.9499399057946378,0.021523277298261003,southerly_disrupted,Recast v1 family nw_or_foehn_candidate as macro_nw_continuum / subtype_nw_or_foehn; dead or low-confidence families remain subtypes rather than promoted macros.,"pre-CP physical centroids: wind direction, wind speed, pressure, humidity, dewpoint depression, precipitation, cloud cover, and pre-CP temperature slope",NOT_PRODUCTION,Keep in regime-design review; run Onda 4 robustness and final physical interpretation before any production classifier change.
v2,RDC-V1-MONTH-3-C04,RDC-V1-MONTH-3-C04,v1_centroid_revision,macro_nw_continuum,subtype_nw_or_foehn,RDC-V1-MONTH-3-C04,nw_or_foehn_candidate,month,3,481,0.4,northerly_nw_flow;windy,15.693361899392052,12.088450737076187,1017.3321793671186,80.80441986972949,3.3603375386631233,0.0,2.4494669966861844,0.24083001981669463,southerly_disrupted,Recast v1 family nw_or_foehn_candidate as macro_nw_continuum / subtype_nw_or_foehn; dead or low-confidence families remain subtypes rather than promoted macros.,"pre-CP physical centroids: wind direction, wind speed, pressure, humidity, dewpoint depression, precipitation, cloud cover, and pre-CP temperature slope",NOT_PRODUCTION,Keep in regime-design review; run Onda 4 robustness and final physical interpretation before any production classifier change.
v2,RDC-V1-MONTH-3-C05,RDC-V1-MONTH-3-C05,v1_centroid_revision,macro_southerly_flow,subtype_southerly_disrupted,RDC-V1-MONTH-3-C05,southerly_disrupted_candidate,month,3,176,0.44999999999999996,southerly_flow;windy,152.18396396676116,10.885351017282336,1024.4402408176313,68.78617540222331,5.743026156684565,0.0,2.7195734286131907,0.07250150880652202,southerly_disrupted,Recast v1 family southerly_disrupted_candidate as macro_southerly_flow / subtype_southerly_disrupted; dead or low-confidence families remain subtypes rather than promoted macros.,"pre-CP physical centroids: wind direction, wind speed, pressure, humidity, dewpoint depression, precipitation, cloud cover, and pre-CP temperature slope",NOT_PRODUCTION,Keep in regime-design review; run Onda 4 robustness and final physical interpretation before any production classifier change.
v2,RDC-V1-MONTH-4-C00,RDC-V1-MONTH-4-C00,v1_centroid_revision,macro_nw_continuum,subtype_nw_or_foehn,RDC-V1-MONTH-4-C00,nw_or_foehn_candidate,month,4,172,0.4,northerly_nw_flow;windy,346.0988603728974,15.89002158210007,1010.5756042724548,69.19873927501763,5.714811633779657,0.0,1.5891008232823247,0.021928553143003425,southerly_disrupted,Recast v1 family nw_or_foehn_candidate as macro_nw_continuum / subtype_nw_or_foehn; dead or low-confidence families remain subtypes rather than promoted macros.,"pre-CP physical centroids: wind direction, wind speed, pressure, humidity, dewpoint depression, precipitation, cloud cover, and pre-CP temperature slope",NOT_PRODUCTION,Keep in regime-design review; run Onda 4 robustness and final physical interpretation before any production classifier change.
v2,RDC-V1-MONTH-4-C01,RDC-V1-MONTH-4-C01,v1_centroid_revision,macro_nw_continuum,subtype_nw_or_foehn,RDC-V1-MONTH-4-C01,nw_or_foehn_candidate,month,4,351,0.4,northerly_nw_flow;windy,0.09556339766620112,17.021136709270127,1011.7803832400826,81.3772157396244,3.241811817745241,0.0,2.2528228178477314,0.05889729627446682,southerly_disrupted,Recast v1 family nw_or_foehn_candidate as macro_nw_continuum / subtype_nw_or_foehn; dead or low-confidence families remain subtypes rather than promoted macros.,"pre-CP physical centroids: wind direction, wind speed, pressure, humidity, dewpoint depression, precipitation, cloud cover, and pre-CP temperature slope",NOT_PRODUCTION,Keep in regime-design review; run Onda 4 robustness and final physical interpretation before any production classifier change.
v2,RDC-V1-MONTH-4-C02,RDC-V1-MONTH-4-C02,v1_centroid_revision,macro_southerly_flow,subtype_southerly_disrupted,RDC-V1-MONTH-4-C02,southerly_disrupted_candidate,month,4,218,0.44999999999999996,southerly_flow;windy,178.63191090026777,18.24023108467324,1016.178486232363,79.50833895249299,3.5281497487042546,0.0,1.8401868199330202,-0.055597173441728806,southerly_disrupted,Recast v1 family southerly_disrupted_candidate as macro_southerly_flow / subtype_southerly_disrupted; dead or low-confidence families remain subtypes rather than promoted macros.,"pre-CP physical centroids: wind direction, wind speed, pressure, humidity, dewpoint depression, precipitation, cloud cover, and pre-CP temperature slope",NOT_PRODUCTION,Keep in regime-design review; run Onda 4 robustness and final physical interpretation before any production classifier change.
v2,RDC-V1-MONTH-4-C03,RDC-V1-MONTH-4-C03,v1_centroid_revision,macro_southerly_flow,subtype_southerly_disrupted,RDC-V1-MONTH-4-C03,southerly_disrupted_candidate,month,4,246,0.6,southerly_flow;windy;moist_cloudy_or_rain,186.85907388661042,10.83822731428212,1023.3215709224912,91.74751184865995,1.3516548574753853,0.0,2.7801484207953666,-0.05124136469322113,southerly_disrupted,Recast v1 family southerly_disrupted_candidate as macro_southerly_flow / subtype_southerly_disrupted; dead or low-confidence families remain subtypes rather than promoted macros.,"pre-CP physical centroids: wind direction, wind speed, pressure, humidity, dewpoint depression, precipitation, cloud cover, and pre-CP temperature slope",NOT_PRODUCTION,Keep in regime-design review; run Onda 4 robustness and final physical interpretation before any production classifier change.
v2,RDC-V1-MONTH-4-C04,RDC-V1-MONTH-4-C04,v1_centroid_revision,macro_nw_continuum,subtype_nw_or_foehn,RDC-V1-MONTH-4-C04,nw_or_foehn_candidate,month,4,396,0.44999999999999996,northerly_nw_flow;moist_cloudy_or_rain,21.205504351881263,7.1625219545723935,1018.5191064956684,86.99734907954884,2.1577439249937256,0.0,1.966864209926296,0.18536579178312843,southerly_disrupted,Recast v1 family nw_or_foehn_candidate as macro_nw_continuum / subtype_nw_or_foehn; dead or low-confidence families remain subtypes rather than promoted macros.,"pre-CP physical centroids: wind direction, wind speed, pressure, humidity, dewpoint depression, precipitation, cloud cover, and pre-CP temperature slope",NOT_PRODUCTION,Keep in regime-design review; run Onda 4 robustness and final physical interpretation before any production classifier change.
v2,RDC-V1-MONTH-4-C05,RDC-V1-MONTH-4-C05,v1_centroid_revision,macro_light_marine_or_residual,subtype_transition_low_confidence,RDC-V1-MONTH-4-C05,mixed_or_transition,month,4,225,0.15,easterly_component,72.1697707303138,8.220939393939394,1020.4368602921663,75.11500256453424,4.395517396184064,0.0,2.086390578996358,0.08866391613468384,southerly_disrupted,Recast v1 family mixed_or_transition as macro_light_marine_or_residual / subtype_transition_low_confidence; dead or low-confidence families remain subtypes rather than promoted macros.,"pre-CP physical centroids: wind direction, wind speed, pressure, humidity, dewpoint depression, precipitation, cloud cover, and pre-CP temperature slope",NOT_PRODUCTION,Keep in regime-design review; run Onda 4 robustness and final physical interpretation before any production classifier change.
v2,RDC-V1-MONTH-5-C00,RDC-V1-MONTH-5-C00,v1_centroid_revision,macro_nw_continuum,subtype_nw_or_foehn,RDC-V1-MONTH-5-C00,nw_or_foehn_candidate,month,5,204,0.4,northerly_nw_flow;windy,337.57933242160914,16.46661446496973,1009.7799454059082,66.66982418154457,6.137153477614005,0.0,1.7739971183896472,-0.04944057178850477,southerly_disrupted,Recast v1 family nw_or_foehn_candidate as macro_nw_continuum / subtype_nw_or_foehn; dead or low-confidence families remain subtypes rather than promoted macros.,"pre-CP physical centroids: wind direction, wind speed, pressure, humidity, dewpoint depression, precipitation, cloud cover, and pre-CP temperature slope",NOT_PRODUCTION,Keep in regime-design review; run Onda 4 robustness and final physical interpretation before any production classifier change.
v2,RDC-V1-MONTH-5-C01,RDC-V1-MONTH-5-C01,v1_centroid_revision,macro_nw_continuum,subtype_nw_or_foehn,RDC-V1-MONTH-5-C01,nw_or_foehn_candidate,month,5,307,0.4,northerly_nw_flow;windy,354.0238883449242,17.327065215645785,1011.9644486183272,83.29935188002567,2.860602277044351,0.0,2.66457369005107,-0.006995000015945752,southerly_disrupted,Recast v1 family nw_or_foehn_candidate as macro_nw_continuum / subtype_nw_or_foehn; dead or low-confidence families remain subtypes rather than promoted macros.,"pre-CP physical centroids: wind direction, wind speed, pressure, humidity, dewpoint depression, precipitation, cloud cover, and pre-CP temperature slope",NOT_PRODUCTION,Keep in regime-design review; run Onda 4 robustness and final physical interpretation before any production classifier change.
v2,RDC-V1-MONTH-5-C02,RDC-V1-MONTH-5-C02,v1_centroid_revision,macro_southerly_flow,subtype_southerly_disrupted,RDC-V1-MONTH-5-C02,southerly_disrupted_candidate,month,5,269,0.44999999999999996,southerly_flow;windy,181.67864280051575,19.640638200406062,1015.9555963625436,78.98015691095881,3.591549673936423,0.0,1.9564123000153422,-0.05098956171308991,southerly_disrupted,Recast v1 family southerly_disrupted_candidate as macro_southerly_flow / subtype_southerly_disrupted; dead or low-confidence families remain subtypes rather than promoted macros.,"pre-CP physical centroids: wind direction, wind speed, pressure, humidity, dewpoint depression, precipitation, cloud cover, and pre-CP temperature slope",NOT_PRODUCTION,Keep in regime-design review; run Onda 4 robustness and final physical interpretation before any production classifier change.
v2,RDC-V1-MONTH-5-C03,RDC-V1-MONTH-5-C03,v1_centroid_revision,macro_light_marine_or_residual,subtype_transition_low_confidence,RDC-V1-MONTH-5-C03,mixed_or_transition,month,5,221,0.15,easterly_component,76.85809815714258,7.414020783138431,1023.046902382888,84.62522797137505,2.553724951519069,0.0,1.980111283395854,-0.19778955640365214,southerly_disrupted,Recast v1 family mixed_or_transition as macro_light_marine_or_residual / subtype_transition_low_confidence; dead or low-confidence families remain subtypes rather than promoted macros.,"pre-CP physical centroids: wind direction, wind speed, pressure, humidity, dewpoint depression, precipitation, cloud cover, and pre-CP temperature slope",NOT_PRODUCTION,Keep in regime-design review; run Onda 4 robustness and final physical interpretation before any production classifier change.
v2,RDC-V1-MONTH-5-C04,RDC-V1-MONTH-5-C04,v1_centroid_revision,macro_nw_continuum,subtype_nw_or_foehn,RDC-V1-MONTH-5-C04,nw_or_foehn_candidate,month,5,334,0.4,northerly_nw_flow;windy,17.489702472316015,12.049498253971198,1017.8774439336634,78.1907020873683,3.753713240828329,0.0,1.8993277438739844,0.19991689921057193,southerly_disrupted,Recast v1 family nw_or_foehn_candidate as macro_nw_continuum / subtype_nw_or_foehn; dead or low-confidence families remain subtypes rather than promoted macros.,"pre-CP physical centroids: wind direction, wind speed, pressure, humidity, dewpoint depression, precipitation, cloud cover, and pre-CP temperature slope",NOT_PRODUCTION,Keep in regime-design review; run Onda 4 robustness and final physical interpretation before any production classifier change.
v2,RDC-V1-MONTH-5-C05,RDC-V1-MONTH-5-C05,v1_centroid_revision,macro_nw_continuum,subtype_nw_or_foehn,RDC-V1-MONTH-5-C05,nw_or_foehn_candidate,month,5,360,0.44999999999999996,northerly_nw_flow;moist_cloudy_or_rain,24.35030545364618,6.110306398848066,1017.2206779847652,89.96056657054366,1.6124187810646144,0.0,2.11346842285729,0.17818957865516355,southerly_disrupted,Recast v1 family nw_or_foehn_candidate as macro_nw_continuum / subtype_nw_or_foehn; dead or low-confidence families remain subtypes rather than promoted macros.,"pre-CP physical centroids: wind direction, wind speed, pressure, humidity, dewpoint depression, precipitation, cloud cover, and pre-CP temperature slope",NOT_PRODUCTION,Keep in regime-design review; run Onda 4 robustness and final physical interpretation before any production classifier change.
v2,RDC-V1-MONTH-6-C00,RDC-V1-MONTH-6-C00,v1_centroid_revision,macro_nw_continuum,subtype_nw_or_foehn,RDC-V1-MONTH-6-C00,nw_or_foehn_candidate,month,6,204,0.4,northerly_nw_flow;windy,320.7676702373788,16.222397380669438,1009.5202377859663,67.50900076720497,5.888087810881928,0.0,1.5404289266518372,-0.027036581746561716,southerly_disrupted,Recast v1 family nw_or_foehn_candidate as macro_nw_continuum / subtype_nw_or_foehn; dead or low-confidence families remain subtypes rather than promoted macros.,"pre-CP physical centroids: wind direction, wind speed, pressure, humidity, dewpoint depression, precipitation, cloud cover, and pre-CP temperature slope",NOT_PRODUCTION,Keep in regime-design review; run Onda 4 robustness and final physical interpretation before any production classifier change.
v2,RDC-V1-MONTH-6-C01,RDC-V1-MONTH-6-C01,v1_centroid_revision,macro_southerly_flow,subtype_southerly_disrupted,RDC-V1-MONTH-6-C01,southerly_disrupted_candidate,month,6,224,0.6,southerly_flow;windy;moist_cloudy_or_rain,184.65621855325188,19.38036584201065,1011.9849330467463,89.23362315961572,1.7436482333164522,0.0,2.181453996724134,-0.04874861356675529,southerly_disrupted,Recast v1 family southerly_disrupted_candidate as macro_southerly_flow / subtype_southerly_disrupted; dead or low-confidence families remain subtypes rather than promoted macros.,"pre-CP physical centroids: wind direction, wind speed, pressure, humidity, dewpoint depression, precipitation, cloud cover, and pre-CP temperature slope",NOT_PRODUCTION,Keep in regime-design review; run Onda 4 robustness and final physical interpretation before any production classifier change.
v2,RDC-V1-MONTH-6-C02,RDC-V1-MONTH-6-C02,v1_centroid_revision,macro_nw_continuum,subtype_nw_or_foehn,RDC-V1-MONTH-6-C02,nw_or_foehn_candidate,month,6,283,0.44999999999999996,northerly_nw_flow;moist_cloudy_or_rain,21.75212123222772,7.0112637972835,1013.5479236443306,87.85453117079419,1.9647357009203215,0.0,1.8428925601699893,0.29556652583590576,southerly_disrupted,Recast v1 family nw_or_foehn_candidate as macro_nw_continuum / subtype_nw_or_foehn; dead or low-confidence families remain subtypes rather than promoted macros.,"pre-CP physical centroids: wind direction, wind speed, pressure, humidity, dewpoint depression, precipitation, cloud cover, and pre-CP temperature slope",NOT_PRODUCTION,Keep in regime-design review; run Onda 4 robustness and final physical interpretation before any production classifier change.
v2,RDC-V1-MONTH-6-C03,RDC-V1-MONTH-6-C03,v1_centroid_revision,macro_nw_continuum,subtype_nw_or_foehn,RDC-V1-MONTH-6-C03,nw_or_foehn_candidate,month,6,328,0.4,northerly_nw_flow;windy,4.553034246216913,14.771390392653629,1012.9472198842094,81.58433007370029,3.1260501357239967,0.0,2.4382467402052037,0.061577738568225016,southerly_disrupted,Recast v1 family nw_or_foehn_candidate as macro_nw_continuum / subtype_nw_or_foehn; dead or low-confidence families remain subtypes rather than promoted macros.,"pre-CP physical centroids: wind direction, wind speed, pressure, humidity, dewpoint depression, precipitation, cloud cover, and pre-CP temperature slope",NOT_PRODUCTION,Keep in regime-design review; run Onda 4 robustness and final physical interpretation before any production classifier change.
v2,RDC-V1-MONTH-6-C04,RDC-V1-MONTH-6-C04,v1_centroid_revision,macro_nw_continuum,subtype_nw_or_foehn,RDC-V1-MONTH-6-C04,nw_or_foehn_candidate,month,6,239,0.44999999999999996,northerly_nw_flow;moist_cloudy_or_rain,33.3282901900239,5.224453742445375,1019.5962212876685,90.05615617915966,1.5806289886310805,0.0,2.3099044488722846,-0.13340890786322604,southerly_disrupted,Recast v1 family nw_or_foehn_candidate as macro_nw_continuum / subtype_nw_or_foehn; dead or low-confidence families remain subtypes rather than promoted macros.,"pre-CP physical centroids: wind direction, wind speed, pressure, humidity, dewpoint depression, precipitation, cloud cover, and pre-CP temperature slope",NOT_PRODUCTION,Keep in regime-design review; run Onda 4 robustness and final physical interpretation before any production classifier change.
v2,RDC-V1-MONTH-6-C05,RDC-V1-MONTH-6-C05,v1_centroid_revision,macro_southerly_flow,subtype_southerly_disrupted,RDC-V1-MONTH-6-C05,southerly_disrupted_candidate,month,6,280,0.44999999999999996,southerly_flow;windy,149.8555759263589,11.86400414043976,1020.7992740398408,76.49096266067416,4.029407712201554,0.0,1.8996024339836537,-0.038189547748924135,southerly_disrupted,Recast v1 family southerly_disrupted_candidate as macro_southerly_flow / subtype_southerly_disrupted; dead or low-confidence families remain subtypes rather than promoted macros.,"pre-CP physical centroids: wind direction, wind speed, pressure, humidity, dewpoint depression, precipitation, cloud cover, and pre-CP temperature slope",NOT_PRODUCTION,Keep in regime-design review; run Onda 4 robustness and final physical interpretation before any production classifier change.
v2,RDC-V1-MONTH-7-C00,RDC-V1-MONTH-7-C00,v1_centroid_revision,macro_southerly_flow,subtype_southerly_disrupted,RDC-V1-MONTH-7-C00,southerly_disrupted_candidate,month,7,172,0.75,southerly_flow;windy;moist_cloudy_or_rain;pre_cp_cooling,167.4555929653841,12.33754539226923,1020.9920380787645,85.22821485967198,2.4036800812236856,0.0,1.6719074331571184,-0.23031635648518062,southerly_disrupted,Recast v1 family southerly_disrupted_candidate as macro_southerly_flow / subtype_southerly_disrupted; dead or low-confidence families remain subtypes rather than promoted macros.,"pre-CP physical centroids: wind direction, wind speed, pressure, humidity, dewpoint depression, precipitation, cloud cover, and pre-CP temperature slope",NOT_PRODUCTION,Keep in regime-design review; run Onda 4 robustness and final physical interpretation before any production classifier change.
v2,RDC-V1-MONTH-7-C01,RDC-V1-MONTH-7-C01,v1_centroid_revision,macro_nw_continuum,subtype_nw_or_foehn,RDC-V1-MONTH-7-C01,nw_or_foehn_candidate,month,7,302,0.4,northerly_nw_flow;windy,354.11142544253283,15.594440390299267,1005.9703836244706,75.1792268075691,4.338469717274845,0.0,1.8485292887122535,0.01954270216418611,southerly_disrupted,Recast v1 family nw_or_foehn_candidate as macro_nw_continuum / subtype_nw_or_foehn; dead or low-confidence families remain subtypes rather than promoted macros.,"pre-CP physical centroids: wind direction, wind speed, pressure, humidity, dewpoint depression, precipitation, cloud cover, and pre-CP temperature slope",NOT_PRODUCTION,Keep in regime-design review; run Onda 4 robustness and final physical interpretation before any production classifier change.
v2,RDC-V1-MONTH-7-C02,RDC-V1-MONTH-7-C02,v1_centroid_revision,macro_southerly_flow,subtype_southerly_disrupted,RDC-V1-MONTH-7-C02,southerly_disrupted_candidate,month,7,225,0.44999999999999996,southerly_flow;windy,190.51492929161049,22.801919814600414,1012.1473366250196,76.69533261250828,3.971237887232211,0.0,1.893159908031425,-0.005896224136678213,southerly_disrupted,Recast v1 family southerly_disrupted_candidate as macro_southerly_flow / subtype_southerly_disrupted; dead or low-confidence families remain subtypes rather than promoted macros.,"pre-CP physical centroids: wind direction, wind speed, pressure, humidity, dewpoint depression, precipitation, cloud cover, and pre-CP temperature slope",NOT_PRODUCTION,Keep in regime-design review; run Onda 4 robustness and final physical interpretation before any production classifier change.
v2,RDC-V1-MONTH-7-C03,RDC-V1-MONTH-7-C03,v1_centroid_revision,macro_nw_continuum,subtype_nw_or_foehn,RDC-V1-MONTH-7-C03,nw_or_foehn_candidate,month,7,392,0.44999999999999996,northerly_nw_flow;moist_cloudy_or_rain,24.5982315148308,8.255766050296856,1020.4471318864918,85.8754589897733,2.280247548865753,0.0,1.7320323504640653,0.21986868682310015,southerly_disrupted,Recast v1 family nw_or_foehn_candidate as macro_nw_continuum / subtype_nw_or_foehn; dead or low-confidence families remain subtypes rather than promoted macros.,"pre-CP physical centroids: wind direction, wind speed, pressure, humidity, dewpoint depression, precipitation, cloud cover, and pre-CP temperature slope",NOT_PRODUCTION,Keep in regime-design review; run Onda 4 robustness and final physical interpretation before any production classifier change.
v2,RDC-V1-MONTH-7-C04,RDC-V1-MONTH-7-C04,v1_centroid_revision,macro_nw_continuum,subtype_nw_or_foehn,RDC-V1-MONTH-7-C04,nw_or_foehn_candidate,month,7,298,0.44999999999999996,northerly_nw_flow;moist_cloudy_or_rain,19.2342209211623,8.823922063774043,1008.6444162606623,90.05356268658818,1.597186827055196,0.0,2.602075959426693,-0.049542491144398584,southerly_disrupted,Recast v1 family nw_or_foehn_candidate as macro_nw_continuum / subtype_nw_or_foehn; dead or low-confidence families remain subtypes rather than promoted macros.,"pre-CP physical centroids: wind direction, wind speed, pressure, humidity, dewpoint depression, precipitation, cloud cover, and pre-CP temperature slope",NOT_PRODUCTION,Keep in regime-design review; run Onda 4 robustness and final physical interpretation before any production classifier change.
v2,RDC-V1-MONTH-7-C05,RDC-V1-MONTH-7-C05,v1_centroid_revision,macro_southerly_flow,subtype_southerly_disrupted,RDC-V1-MONTH-7-C05,southerly_disrupted_candidate,month,7,146,0.44999999999999996,southerly_flow;windy,136.2444394662347,11.966244843854422,1022.1092574268371,71.41367821132638,4.983893266553155,0.0,2.3017078803655315,0.040380909633740546,southerly_disrupted,Recast v1 family southerly_disrupted_candidate as macro_southerly_flow / subtype_southerly_disrupted; dead or low-confidence families remain subtypes rather than promoted macros.,"pre-CP physical centroids: wind direction, wind speed, pressure, humidity, dewpoint depression, precipitation, cloud cover, and pre-CP temperature slope",NOT_PRODUCTION,Keep in regime-design review; run Onda 4 robustness and final physical interpretation before any production classifier change.
v2,RDC-V1-MONTH-8-C00,RDC-V1-MONTH-8-C00,v1_centroid_revision,macro_light_marine_or_residual,subtype_transition_low_confidence,RDC-V1-MONTH-8-C00,mixed_or_transition,month,8,127,0.25,easterly_component;windy,131.90858928085643,10.240369527672675,1021.5423698606266,68.76097409272704,5.519737873674879,0.0,2.417565755389067,-0.015822432025718133,southerly_disrupted,Recast v1 family mixed_or_transition as macro_light_marine_or_residual / subtype_transition_low_confidence; dead or low-confidence families remain subtypes rather than promoted macros.,"pre-CP physical centroids: wind direction, wind speed, pressure, humidity, dewpoint depression, precipitation, cloud cover, and pre-CP temperature slope",NOT_PRODUCTION,Keep in regime-design review; run Onda 4 robustness and final physical interpretation before any production classifier change.
v2,RDC-V1-MONTH-8-C01,RDC-V1-MONTH-8-C01,v1_centroid_revision,macro_nw_continuum,subtype_nw_or_foehn,RDC-V1-MONTH-8-C01,nw_or_foehn_candidate,month,8,243,0.55,northerly_nw_flow;windy;moist_cloudy_or_rain,350.35648199845923,17.528694322101998,1009.2649795019051,86.36491633601693,2.2463854005821666,0.0,2.8266701629566167,-0.00551882004697049,southerly_disrupted,Recast v1 family nw_or_foehn_candidate as macro_nw_continuum / subtype_nw_or_foehn; dead or low-confidence families remain subtypes rather than promoted macros.,"pre-CP physical centroids: wind direction, wind speed, pressure, humidity, dewpoint depression, precipitation, cloud cover, and pre-CP temperature slope",NOT_PRODUCTION,Keep in regime-design review; run Onda 4 robustness and final physical interpretation before any production classifier change.
v2,RDC-V1-MONTH-8-C02,RDC-V1-MONTH-8-C02,v1_centroid_revision,macro_nw_continuum,subtype_nw_or_foehn,RDC-V1-MONTH-8-C02,nw_or_foehn_candidate,month,8,337,0.4,northerly_nw_flow;windy,357.20302084231105,14.242648936247985,1011.2573041831879,76.2820819932244,4.095882961182545,0.0,1.8491320718215738,0.04938836169563594,southerly_disrupted,Recast v1 family nw_or_foehn_candidate as macro_nw_continuum / subtype_nw_or_foehn; dead or low-confidence families remain subtypes rather than promoted macros.,"pre-CP physical centroids: wind direction, wind speed, pressure, humidity, dewpoint depression, precipitation, cloud cover, and pre-CP temperature slope",NOT_PRODUCTION,Keep in regime-design review; run Onda 4 robustness and final physical interpretation before any production classifier change.
v2,RDC-V1-MONTH-8-C03,RDC-V1-MONTH-8-C03,v1_centroid_revision,macro_southerly_flow,subtype_southerly_disrupted,RDC-V1-MONTH-8-C03,southerly_disrupted_candidate,month,8,253,0.44999999999999996,southerly_flow;windy,184.46342365058217,20.89382660924071,1015.4875439342062,77.34519813334812,3.8210487313143977,0.0,1.8425942635459391,-0.023522093810827153,southerly_disrupted,Recast v1 family southerly_disrupted_candidate as macro_southerly_flow / subtype_southerly_disrupted; dead or low-confidence families remain subtypes rather than promoted macros.,"pre-CP physical centroids: wind direction, wind speed, pressure, humidity, dewpoint depression, precipitation, cloud cover, and pre-CP temperature slope",NOT_PRODUCTION,Keep in regime-design review; run Onda 4 robustness and final physical interpretation before any production classifier change.
v2,RDC-V1-MONTH-8-C04,RDC-V1-MONTH-8-C04,v1_centroid_revision,macro_nw_continuum,subtype_nw_or_foehn,RDC-V1-MONTH-8-C04,nw_or_foehn_candidate,month,8,284,0.44999999999999996,northerly_nw_flow;moist_cloudy_or_rain,24.486122824558986,7.6945668269160885,1039.7840774688234,85.47857735649127,2.350766356590933,0.0,2.1621767555115508,0.3325791030492682,southerly_disrupted,Recast v1 family nw_or_foehn_candidate as macro_nw_continuum / subtype_nw_or_foehn; dead or low-confidence families remain subtypes rather than promoted macros.,"pre-CP physical centroids: wind direction, wind speed, pressure, humidity, dewpoint depression, precipitation, cloud cover, and pre-CP temperature slope",NOT_PRODUCTION,Keep in regime-design review; run Onda 4 robustness and final physical interpretation before any production classifier change.
v2,RDC-V1-MONTH-8-C05,RDC-V1-MONTH-8-C05,v1_centroid_revision,macro_nw_continuum,subtype_nw_or_foehn,RDC-V1-MONTH-8-C05,nw_or_foehn_candidate,month,8,332,0.44999999999999996,northerly_nw_flow;moist_cloudy_or_rain,30.835742256005307,6.004523250965095,1013.4288917367658,88.61036826962703,1.8191419571994893,0.0,1.8433914938033191,-0.05489791283977788,southerly_disrupted,Recast v1 family nw_or_foehn_candidate as macro_nw_continuum / subtype_nw_or_foehn; dead or low-confidence families remain subtypes rather than promoted macros.,"pre-CP physical centroids: wind direction, wind speed, pressure, humidity, dewpoint depression, precipitation, cloud cover, and pre-CP temperature slope",NOT_PRODUCTION,Keep in regime-design review; run Onda 4 robustness and final physical interpretation before any production classifier change.
v2,RDC-V1-MONTH-9-C00,RDC-V1-MONTH-9-C00,v1_centroid_revision,macro_nw_continuum,subtype_nw_or_foehn,RDC-V1-MONTH-9-C00,nw_or_foehn_candidate,month,9,271,0.4,northerly_nw_flow;windy,347.6329385505217,14.683473306723537,1006.593896222521,67.7048862740412,5.899447832447245,0.0,1.4615433972632117,0.04179122917318053,southerly_disrupted,Recast v1 family nw_or_foehn_candidate as macro_nw_continuum / subtype_nw_or_foehn; dead or low-confidence families remain subtypes rather than promoted macros.,"pre-CP physical centroids: wind direction, wind speed, pressure, humidity, dewpoint depression, precipitation, cloud cover, and pre-CP temperature slope",NOT_PRODUCTION,Keep in regime-design review; run Onda 4 robustness and final physical interpretation before any production classifier change.
v2,RDC-V1-MONTH-9-C01,RDC-V1-MONTH-9-C01,v1_centroid_revision,macro_nw_continuum,subtype_nw_or_foehn,RDC-V1-MONTH-9-C01,nw_or_foehn_candidate,month,9,341,0.4,northerly_nw_flow;windy,354.59261058952274,19.06492807824838,1012.1894506062554,81.01634367164317,3.236371641502017,0.0,2.7254458675421747,0.0745252641159701,southerly_disrupted,Recast v1 family nw_or_foehn_candidate as macro_nw_continuum / subtype_nw_or_foehn; dead or low-confidence families remain subtypes rather than promoted macros.,"pre-CP physical centroids: wind direction, wind speed, pressure, humidity, dewpoint depression, precipitation, cloud cover, and pre-CP temperature slope",NOT_PRODUCTION,Keep in regime-design review; run Onda 4 robustness and final physical interpretation before any production classifier change.
v2,RDC-V1-MONTH-9-C02,RDC-V1-MONTH-9-C02,v1_centroid_revision,macro_southerly_flow,subtype_southerly_disrupted,RDC-V1-MONTH-9-C02,southerly_disrupted_candidate,month,9,245,0.44999999999999996,southerly_flow;windy,177.39689695652777,20.241990250768445,1013.251499244607,84.59778597974444,2.539486206246173,0.0,2.3050840319828443,-0.05166499448700201,southerly_disrupted,Recast v1 family southerly_disrupted_candidate as macro_southerly_flow / subtype_southerly_disrupted; dead or low-confidence families remain subtypes rather than promoted macros.,"pre-CP physical centroids: wind direction, wind speed, pressure, humidity, dewpoint depression, precipitation, cloud cover, and pre-CP temperature slope",NOT_PRODUCTION,Keep in regime-design review; run Onda 4 robustness and final physical interpretation before any production classifier change.
v2,RDC-V1-MONTH-9-C03,RDC-V1-MONTH-9-C03,v1_centroid_revision,macro_nw_continuum,subtype_nw_or_foehn,RDC-V1-MONTH-9-C03,nw_or_foehn_candidate,month,9,218,0.44999999999999996,northerly_nw_flow;moist_cloudy_or_rain,11.273433654607764,8.365290568509387,1005.3244123243775,86.25233649610779,2.2677756378602445,0.0,2.1905570686205573,-0.062023594291016025,southerly_disrupted,Recast v1 family nw_or_foehn_candidate as macro_nw_continuum / subtype_nw_or_foehn; dead or low-confidence families remain subtypes rather than promoted macros.,"pre-CP physical centroids: wind direction, wind speed, pressure, humidity, dewpoint depression, precipitation, cloud cover, and pre-CP temperature slope",NOT_PRODUCTION,Keep in regime-design review; run Onda 4 robustness and final physical interpretation before any production classifier change.
v2,RDC-V1-MONTH-9-C04,RDC-V1-MONTH-9-C04,v1_centroid_revision,macro_nw_continuum,subtype_nw_or_foehn,RDC-V1-MONTH-9-C04,nw_or_foehn_candidate,month,9,330,0.3,northerly_nw_flow,25.708581116014454,8.159537422527853,1019.5415233122002,82.13402257337253,2.95776334031752,0.0,2.0465625199195423,0.30770932957701025,southerly_disrupted,Recast v1 family nw_or_foehn_candidate as macro_nw_continuum / subtype_nw_or_foehn; dead or low-confidence families remain subtypes rather than promoted macros.,"pre-CP physical centroids: wind direction, wind speed, pressure, humidity, dewpoint depression, precipitation, cloud cover, and pre-CP temperature slope",NOT_PRODUCTION,Keep in regime-design review; run Onda 4 robustness and final physical interpretation before any production classifier change.
v2,RDC-V1-MONTH-9-C05,RDC-V1-MONTH-9-C05,v1_centroid_revision,macro_southerly_flow,subtype_southerly_disrupted,RDC-V1-MONTH-9-C05,southerly_disrupted_candidate,month,9,139,0.44999999999999996,southerly_flow;windy,156.80141759012977,12.577917665867304,1020.4709797104473,69.50687911249948,5.3687835377630915,0.0,2.158945519237131,0.02759533426659438,southerly_disrupted,Recast v1 family southerly_disrupted_candidate as macro_southerly_flow / subtype_southerly_disrupted; dead or low-confidence families remain subtypes rather than promoted macros.,"pre-CP physical centroids: wind direction, wind speed, pressure, humidity, dewpoint depression, precipitation, cloud cover, and pre-CP temperature slope",NOT_PRODUCTION,Keep in regime-design review; run Onda 4 robustness and final physical interpretation before any production classifier change.
v2,RDC-V1-SEASON-DJF-C00,RDC-V1-SEASON-DJF-C00,v1_centroid_revision,macro_southerly_flow,subtype_southerly_disrupted,RDC-V1-SEASON-DJF-C00,southerly_disrupted_candidate,season,DJF,801,0.6,southerly_flow;windy;moist_cloudy_or_rain,194.24931366815238,13.264800589821009,1011.5483108913571,90.09240352359704,1.6656688513625697,0.0,2.6270048018718897,-0.10092471525260159,southerly_disrupted,Recast v1 family southerly_disrupted_candidate as macro_southerly_flow / subtype_southerly_disrupted; dead or low-confidence families remain subtypes rather than promoted macros.,"pre-CP physical centroids: wind direction, wind speed, pressure, humidity, dewpoint depression, precipitation, cloud cover, and pre-CP temperature slope",NOT_PRODUCTION,Keep in regime-design review; run Onda 4 robustness and final physical interpretation before any production classifier change.
v2,RDC-V1-SEASON-DJF-C01,RDC-V1-SEASON-DJF-C01,v1_centroid_revision,macro_nw_continuum,subtype_nw_or_foehn,RDC-V1-SEASON-DJF-C01,nw_or_foehn_candidate,season,DJF,487,0.4,northerly_nw_flow;windy,345.5581469978503,17.35354496268437,1007.1499609671195,70.28283295840612,5.553915130873637,0.0,1.6819914803933709,0.09232296755445223,southerly_disrupted,Recast v1 family nw_or_foehn_candidate as macro_nw_continuum / subtype_nw_or_foehn; dead or low-confidence families remain subtypes rather than promoted macros.,"pre-CP physical centroids: wind direction, wind speed, pressure, humidity, dewpoint depression, precipitation, cloud cover, and pre-CP temperature slope",NOT_PRODUCTION,Keep in regime-design review; run Onda 4 robustness and final physical interpretation before any production classifier change.
v2,RDC-V1-SEASON-DJF-C02,RDC-V1-SEASON-DJF-C02,v1_centroid_revision,macro_nw_continuum,subtype_nw_or_foehn,RDC-V1-SEASON-DJF-C02,nw_or_foehn_candidate,season,DJF,918,0.4,northerly_nw_flow;windy,16.32530885680801,10.848550133267123,1015.0203745553471,77.53065449795093,4.016195017817601,0.0,1.8574452533957688,0.314275915846521,southerly_disrupted,Recast v1 family nw_or_foehn_candidate as macro_nw_continuum / subtype_nw_or_foehn; dead or low-confidence families remain subtypes rather than promoted macros.,"pre-CP physical centroids: wind direction, wind speed, pressure, humidity, dewpoint depression, precipitation, cloud cover, and pre-CP temperature slope",NOT_PRODUCTION,Keep in regime-design review; run Onda 4 robustness and final physical interpretation before any production classifier change.
v2,RDC-V1-SEASON-DJF-C03,RDC-V1-SEASON-DJF-C03,v1_centroid_revision,macro_nw_continuum,subtype_nw_or_foehn,RDC-V1-SEASON-DJF-C03,nw_or_foehn_candidate,season,DJF,1183,0.4,northerly_nw_flow;windy,1.6040714345282232,18.18738700834086,1011.0494319311863,82.40060326080432,3.0852868828273152,0.0,2.8659043162821463,0.13166216579187343,southerly_disrupted,Recast v1 family nw_or_foehn_candidate as macro_nw_continuum / subtype_nw_or_foehn; dead or low-confidence families remain subtypes rather than promoted macros.,"pre-CP physical centroids: wind direction, wind speed, pressure, humidity, dewpoint depression, precipitation, cloud cover, and pre-CP temperature slope",NOT_PRODUCTION,Keep in regime-design review; run Onda 4 robustness and final physical interpretation before any production classifier change.
v2,RDC-V1-SEASON-DJF-C04,RDC-V1-SEASON-DJF-C04,v1_centroid_revision,macro_nw_continuum,subtype_nw_or_foehn,RDC-V1-SEASON-DJF-C04,nw_or_foehn_candidate,season,DJF,833,0.44999999999999996,northerly_nw_flow;moist_cloudy_or_rain,33.17975889160948,7.186712626593548,1014.9700935450487,85.65195354330352,2.452118597345289,0.0,2.17625590793306,0.0773484588146753,southerly_disrupted,Recast v1 family nw_or_foehn_candidate as macro_nw_continuum / subtype_nw_or_foehn; dead or low-confidence families remain subtypes rather than promoted macros.,"pre-CP physical centroids: wind direction, wind speed, pressure, humidity, dewpoint depression, precipitation, cloud cover, and pre-CP temperature slope",NOT_PRODUCTION,Keep in regime-design review; run Onda 4 robustness and final physical interpretation before any production classifier change.
v2,RDC-V1-SEASON-DJF-C05,RDC-V1-SEASON-DJF-C05,v1_centroid_revision,macro_southerly_flow,subtype_southerly_disrupted,RDC-V1-SEASON-DJF-C05,southerly_disrupted_candidate,season,DJF,620,0.44999999999999996,southerly_flow;windy,160.66252331508107,12.197968478494907,1019.7045469627126,73.00802697571645,4.846503156215949,0.0,2.1936146292554457,0.11155468329248391,southerly_disrupted,Recast v1 family southerly_disrupted_candidate as macro_southerly_flow / subtype_southerly_disrupted; dead or low-confidence families remain subtypes rather than promoted macros.,"pre-CP physical centroids: wind direction, wind speed, pressure, humidity, dewpoint depression, precipitation, cloud cover, and pre-CP temperature slope",NOT_PRODUCTION,Keep in regime-design review; run Onda 4 robustness and final physical interpretation before any production classifier change.
v2,RDC-V1-SEASON-JJA-C00,RDC-V1-SEASON-JJA-C00,v1_centroid_revision,macro_nw_continuum,subtype_nw_or_foehn,RDC-V1-SEASON-JJA-C00,nw_or_foehn_candidate,season,JJA,534,0.4,northerly_nw_flow;windy,347.4959659698821,14.650997264591073,1008.6931877528755,69.49547756648192,5.478036466021516,0.0,1.6812535660093666,0.03335592341469484,southerly_disrupted,Recast v1 family nw_or_foehn_candidate as macro_nw_continuum / subtype_nw_or_foehn; dead or low-confidence families remain subtypes rather than promoted macros.,"pre-CP physical centroids: wind direction, wind speed, pressure, humidity, dewpoint depression, precipitation, cloud cover, and pre-CP temperature slope",NOT_PRODUCTION,Keep in regime-design review; run Onda 4 robustness and final physical interpretation before any production classifier change.
v2,RDC-V1-SEASON-JJA-C01,RDC-V1-SEASON-JJA-C01,v1_centroid_revision,macro_southerly_flow,subtype_southerly_disrupted,RDC-V1-SEASON-JJA-C01,southerly_disrupted_candidate,season,JJA,557,0.6,southerly_flow;windy;moist_cloudy_or_rain,184.08098894097725,13.434750235874542,1011.4737185572633,90.24882005057535,1.5665775116722391,0.0,2.5860710888325236,-0.09714936612934726,southerly_disrupted,Recast v1 family southerly_disrupted_candidate as macro_southerly_flow / subtype_southerly_disrupted; dead or low-confidence families remain subtypes rather than promoted macros.,"pre-CP physical centroids: wind direction, wind speed, pressure, humidity, dewpoint depression, precipitation, cloud cover, and pre-CP temperature slope",NOT_PRODUCTION,Keep in regime-design review; run Onda 4 robustness and final physical interpretation before any production classifier change.
v2,RDC-V1-SEASON-JJA-C02,RDC-V1-SEASON-JJA-C02,v1_centroid_revision,macro_southerly_flow,subtype_southerly_disrupted,RDC-V1-SEASON-JJA-C02,southerly_disrupted_candidate,season,JJA,691,0.44999999999999996,southerly_flow;windy,185.65406376631424,21.364721439653113,1016.382454065406,77.34190094479435,3.8356209215911923,0.0,1.7765371836083619,-0.04411509009704293,southerly_disrupted,Recast v1 family southerly_disrupted_candidate as macro_southerly_flow / subtype_southerly_disrupted; dead or low-confidence families remain subtypes rather than promoted macros.,"pre-CP physical centroids: wind direction, wind speed, pressure, humidity, dewpoint depression, precipitation, cloud cover, and pre-CP temperature slope",NOT_PRODUCTION,Keep in regime-design review; run Onda 4 robustness and final physical interpretation before any production classifier change.
v2,RDC-V1-SEASON-JJA-C03,RDC-V1-SEASON-JJA-C03,v1_centroid_revision,macro_nw_continuum,subtype_nw_or_foehn,RDC-V1-SEASON-JJA-C03,nw_or_foehn_candidate,season,JJA,1054,0.4,northerly_nw_flow;windy,4.971925854319689,14.795348212792705,1012.443377973442,81.18718287789147,3.166071225228108,0.0,2.2695509721150287,0.090918729032835,southerly_disrupted,Recast v1 family nw_or_foehn_candidate as macro_nw_continuum / subtype_nw_or_foehn; dead or low-confidence families remain subtypes rather than promoted macros.,"pre-CP physical centroids: wind direction, wind speed, pressure, humidity, dewpoint depression, precipitation, cloud cover, and pre-CP temperature slope",NOT_PRODUCTION,Keep in regime-design review; run Onda 4 robustness and final physical interpretation before any production classifier change.
v2,RDC-V1-SEASON-JJA-C04,RDC-V1-SEASON-JJA-C04,v1_centroid_revision,macro_nw_continuum,subtype_nw_or_foehn,RDC-V1-SEASON-JJA-C04,nw_or_foehn_candidate,season,JJA,1353,0.44999999999999996,northerly_nw_flow;moist_cloudy_or_rain,25.23027012089842,6.094643872800513,1021.0551745336579,88.91783335682572,1.7602016026165492,0.0,1.936195722166098,0.12226293046220765,southerly_disrupted,Recast v1 family nw_or_foehn_candidate as macro_nw_continuum / subtype_nw_or_foehn; dead or low-confidence families remain subtypes rather than promoted macros.,"pre-CP physical centroids: wind direction, wind speed, pressure, humidity, dewpoint depression, precipitation, cloud cover, and pre-CP temperature slope",NOT_PRODUCTION,Keep in regime-design review; run Onda 4 robustness and final physical interpretation before any production classifier change.
v2,RDC-V1-SEASON-JJA-C05,RDC-V1-SEASON-JJA-C05,v1_centroid_revision,macro_light_marine_or_residual,subtype_transition_low_confidence,RDC-V1-SEASON-JJA-C05,mixed_or_transition,season,JJA,480,0.15,easterly_component,131.86460463105985,9.45774991552565,1020.1688093912077,74.7055038783881,4.359147328965682,0.0,2.0876127872081334,-0.04955546129440489,southerly_disrupted,Recast v1 family mixed_or_transition as macro_light_marine_or_residual / subtype_transition_low_confidence; dead or low-confidence families remain subtypes rather than promoted macros.,"pre-CP physical centroids: wind direction, wind speed, pressure, humidity, dewpoint depression, precipitation, cloud cover, and pre-CP temperature slope",NOT_PRODUCTION,Keep in regime-design review; run Onda 4 robustness and final physical interpretation before any production classifier change.
v2,RDC-V1-SEASON-MAM-C00,RDC-V1-SEASON-MAM-C00,v1_centroid_revision,macro_light_marine_or_residual,subtype_transition_low_confidence,RDC-V1-SEASON-MAM-C00,mixed_or_transition,season,MAM,676,0.25,westerly_component;windy,249.70968054257952,18.843437000533303,1011.3685373223634,70.09122377319964,5.445904146415792,0.0,1.6785579272603925,-0.03525843860053759,southerly_disrupted,Recast v1 family mixed_or_transition as macro_light_marine_or_residual / subtype_transition_low_confidence; dead or low-confidence families remain subtypes rather than promoted macros.,"pre-CP physical centroids: wind direction, wind speed, pressure, humidity, dewpoint depression, precipitation, cloud cover, and pre-CP temperature slope",NOT_PRODUCTION,Keep in regime-design review; run Onda 4 robustness and final physical interpretation before any production classifier change.
v2,RDC-V1-SEASON-MAM-C01,RDC-V1-SEASON-MAM-C01,v1_centroid_revision,macro_nw_continuum,subtype_nw_or_foehn,RDC-V1-SEASON-MAM-C01,nw_or_foehn_candidate,season,MAM,1051,0.4,northerly_nw_flow;windy,359.826362917663,17.327581354808334,1012.4310713885448,81.06832727937655,3.3027056579755913,0.0,2.450044235307511,0.04494605104754054,southerly_disrupted,Recast v1 family nw_or_foehn_candidate as macro_nw_continuum / subtype_nw_or_foehn; dead or low-confidence families remain subtypes rather than promoted macros.,"pre-CP physical centroids: wind direction, wind speed, pressure, humidity, dewpoint depression, precipitation, cloud cover, and pre-CP temperature slope",NOT_PRODUCTION,Keep in regime-design review; run Onda 4 robustness and final physical interpretation before any production classifier change.
v2,RDC-V1-SEASON-MAM-C02,RDC-V1-SEASON-MAM-C02,v1_centroid_revision,macro_southerly_flow,subtype_southerly_disrupted,RDC-V1-SEASON-MAM-C02,southerly_disrupted_candidate,season,MAM,745,0.6,southerly_flow;windy;moist_cloudy_or_rain,186.5798276046553,14.059723052481335,1019.2735906324699,89.2149211181764,1.7836257586799766,0.0,2.60361442698373,-0.06692879923618052,southerly_disrupted,Recast v1 family southerly_disrupted_candidate as macro_southerly_flow / subtype_southerly_disrupted; dead or low-confidence families remain subtypes rather than promoted macros.,"pre-CP physical centroids: wind direction, wind speed, pressure, humidity, dewpoint depression, precipitation, cloud cover, and pre-CP temperature slope",NOT_PRODUCTION,Keep in regime-design review; run Onda 4 robustness and final physical interpretation before any production classifier change.
v2,RDC-V1-SEASON-MAM-C03,RDC-V1-SEASON-MAM-C03,v1_centroid_revision,macro_nw_continuum,subtype_nw_or_foehn,RDC-V1-SEASON-MAM-C03,nw_or_foehn_candidate,season,MAM,1030,0.3,northerly_nw_flow,20.289747057030187,9.780677194331409,1018.6043327408275,81.63913445281483,3.1493571030568996,0.0,1.98377502270129,0.3031965708656984,southerly_disrupted,Recast v1 family nw_or_foehn_candidate as macro_nw_continuum / subtype_nw_or_foehn; dead or low-confidence families remain subtypes rather than promoted macros.,"pre-CP physical centroids: wind direction, wind speed, pressure, humidity, dewpoint depression, precipitation, cloud cover, and pre-CP temperature slope",NOT_PRODUCTION,Keep in regime-design review; run Onda 4 robustness and final physical interpretation before any production classifier change.
v2,RDC-V1-SEASON-MAM-C04,RDC-V1-SEASON-MAM-C04,v1_centroid_revision,macro_southerly_flow,subtype_southerly_disrupted,RDC-V1-SEASON-MAM-C04,southerly_disrupted_candidate,season,MAM,614,0.44999999999999996,southerly_flow;windy,153.84472081295075,10.980411163760058,1022.9868188410203,74.16564656757964,4.595092248557715,0.0,2.293514939310383,0.03283490810979594,southerly_disrupted,Recast v1 family southerly_disrupted_candidate as macro_southerly_flow / subtype_southerly_disrupted; dead or low-confidence families remain subtypes rather than promoted macros.,"pre-CP physical centroids: wind direction, wind speed, pressure, humidity, dewpoint depression, precipitation, cloud cover, and pre-CP temperature slope",NOT_PRODUCTION,Keep in regime-design review; run Onda 4 robustness and final physical interpretation before any production classifier change.
v2,RDC-V1-SEASON-MAM-C05,RDC-V1-SEASON-MAM-C05,v1_centroid_revision,macro_nw_continuum,subtype_nw_or_foehn,RDC-V1-SEASON-MAM-C05,nw_or_foehn_candidate,season,MAM,914,0.44999999999999996,northerly_nw_flow;moist_cloudy_or_rain,24.840424280837745,6.096782198374813,1017.3062513362371,88.27041541150777,1.934145602401737,0.0,1.9794906681453635,-0.03482066392175028,southerly_disrupted,Recast v1 family nw_or_foehn_candidate as macro_nw_continuum / subtype_nw_or_foehn; dead or low-confidence families remain subtypes rather than promoted macros.,"pre-CP physical centroids: wind direction, wind speed, pressure, humidity, dewpoint depression, precipitation, cloud cover, and pre-CP temperature slope",NOT_PRODUCTION,Keep in regime-design review; run Onda 4 robustness and final physical interpretation before any production classifier change.
v2,RDC-V1-SEASON-SON-C00,RDC-V1-SEASON-SON-C00,v1_centroid_revision,macro_nw_continuum,subtype_nw_or_foehn,RDC-V1-SEASON-SON-C00,nw_or_foehn_candidate,season,SON,457,0.4,northerly_nw_flow;windy,337.68128218097627,13.962882642456448,1002.4919054020063,66.76810657255386,6.1781233435497676,0.0,1.5731719360759837,0.03756961963958879,southerly_disrupted,Recast v1 family nw_or_foehn_candidate as macro_nw_continuum / subtype_nw_or_foehn; dead or low-confidence families remain subtypes rather than promoted macros.,"pre-CP physical centroids: wind direction, wind speed, pressure, humidity, dewpoint depression, precipitation, cloud cover, and pre-CP temperature slope",NOT_PRODUCTION,Keep in regime-design review; run Onda 4 robustness and final physical interpretation before any production classifier change.
v2,RDC-V1-SEASON-SON-C01,RDC-V1-SEASON-SON-C01,v1_centroid_revision,macro_southerly_flow,subtype_southerly_disrupted,RDC-V1-SEASON-SON-C01,southerly_disrupted_candidate,season,SON,729,0.6,southerly_flow;windy;moist_cloudy_or_rain,183.28875455453792,14.285732302739056,1009.3267578375779,87.70884521342586,2.024181809269688,0.0,2.4173487159726927,-0.09670466888204486,southerly_disrupted,Recast v1 family southerly_disrupted_candidate as macro_southerly_flow / subtype_southerly_disrupted; dead or low-confidence families remain subtypes rather than promoted macros.,"pre-CP physical centroids: wind direction, wind speed, pressure, humidity, dewpoint depression, precipitation, cloud cover, and pre-CP temperature slope",NOT_PRODUCTION,Keep in regime-design review; run Onda 4 robustness and final physical interpretation before any production classifier change.
v2,RDC-V1-SEASON-SON-C02,RDC-V1-SEASON-SON-C02,v1_centroid_revision,macro_nw_continuum,subtype_nw_or_foehn,RDC-V1-SEASON-SON-C02,nw_or_foehn_candidate,season,SON,1023,0.4,northerly_nw_flow;windy,354.973266882039,18.67249704077208,1010.1814858223438,83.00846729340148,2.898442862799742,0.0,2.920769922028202,0.08064361353655908,southerly_disrupted,Recast v1 family nw_or_foehn_candidate as macro_nw_continuum / subtype_nw_or_foehn; dead or low-confidence families remain subtypes rather than promoted macros.,"pre-CP physical centroids: wind direction, wind speed, pressure, humidity, dewpoint depression, precipitation, cloud cover, and pre-CP temperature slope",NOT_PRODUCTION,Keep in regime-design review; run Onda 4 robustness and final physical interpretation before any production classifier change.
v2,RDC-V1-SEASON-SON-C03,RDC-V1-SEASON-SON-C03,v1_centroid_revision,macro_nw_continuum,subtype_nw_or_foehn,RDC-V1-SEASON-SON-C03,nw_or_foehn_candidate,season,SON,1056,0.3,northerly_nw_flow,25.37368887706182,7.0706764863395986,1016.2715797800697,83.58910936931966,2.739557456750917,0.0,2.2947749458266444,0.23417219701301814,southerly_disrupted,Recast v1 family nw_or_foehn_candidate as macro_nw_continuum / subtype_nw_or_foehn; dead or low-confidence families remain subtypes rather than promoted macros.,"pre-CP physical centroids: wind direction, wind speed, pressure, humidity, dewpoint depression, precipitation, cloud cover, and pre-CP temperature slope",NOT_PRODUCTION,Keep in regime-design review; run Onda 4 robustness and final physical interpretation before any production classifier change.
v2,RDC-V1-SEASON-SON-C04,RDC-V1-SEASON-SON-C04,v1_centroid_revision,macro_nw_continuum,subtype_nw_or_foehn,RDC-V1-SEASON-SON-C04,nw_or_foehn_candidate,season,SON,857,0.4,northerly_nw_flow;windy,7.450091310275912,15.324108400510244,1014.2819632249865,75.4084449316297,4.320018510924095,0.0,1.7956313393694856,0.24730591609649177,southerly_disrupted,Recast v1 family nw_or_foehn_candidate as macro_nw_continuum / subtype_nw_or_foehn; dead or low-confidence families remain subtypes rather than promoted macros.,"pre-CP physical centroids: wind direction, wind speed, pressure, humidity, dewpoint depression, precipitation, cloud cover, and pre-CP temperature slope",NOT_PRODUCTION,Keep in regime-design review; run Onda 4 robustness and final physical interpretation before any production classifier change.
v2,RDC-V1-SEASON-SON-C05,RDC-V1-SEASON-SON-C05,v1_centroid_revision,macro_southerly_flow,subtype_southerly_disrupted,RDC-V1-SEASON-SON-C05,southerly_disrupted_candidate,season,SON,597,0.44999999999999996,southerly_flow;windy,164.67051819929677,15.164887228659433,1021.0755819014562,71.51774802921514,5.014701414330322,0.0,2.066766819306971,0.05110560028985444,southerly_disrupted,Recast v1 family southerly_disrupted_candidate as macro_southerly_flow / subtype_southerly_disrupted; dead or low-confidence families remain subtypes rather than promoted macros.,"pre-CP physical centroids: wind direction, wind speed, pressure, humidity, dewpoint depression, precipitation, cloud cover, and pre-CP temperature slope",NOT_PRODUCTION,Keep in regime-design review; run Onda 4 robustness and final physical interpretation before any production classifier change.
