slice_type,slice_name,n_rows,augmented_mae,calibrated_mae,mae_delta_calibrated_minus_augmented,augmented_exact_pct,calibrated_exact_pct,exact_delta_calibrated_minus_augmented_pct,calibrated_wins_mae_pct,augmented_wins_mae_pct,bracket_lost_by_calibration_pct,bracket_gained_by_calibration_pct,augmented_signed_bias,calibrated_signed_bias,production_status
binary_macro_regime_label,macro_non_southerly,2093,0.7763615255791864,0.7857579869405955,0.009396461361409264,40.0382226469183,38.60487338748208,-1.433349259436216,51.3616817964644,48.6383182035356,21.548017200191115,20.1146679407549,-0.024473199931190178,-0.4106025375590592,EXPERIMENT_ONLY
binary_macro_regime_label,macro_southerly_flow,755,0.7185936415604546,0.7362128623988224,0.01761922083836808,46.49006622516556,45.562913907284766,-0.9271523178807947,45.82781456953642,54.17218543046358,20.794701986754966,19.867549668874172,-0.007232796169983336,0.35064323767476074,EXPERIMENT_ONLY
cp,20:00,712,0.7843752253230742,0.7726236579275905,-0.01175156739548373,40.02808988764045,40.449438202247194,0.42134831460674155,52.3876404494382,47.6123595505618,19.803370786516854,20.224719101123597,-0.023599840153434148,-0.20879756554307113,EXPERIMENT_ONLY
cp,21:00,712,0.7588367221257412,0.7726236579275905,0.013786935801849278,41.99438202247191,40.449438202247194,-1.5449438202247192,50.140449438202246,49.859550561797754,21.769662921348313,20.224719101123597,0.0032470990761390033,-0.20879756554307113,EXPERIMENT_ONLY
cp,22:00,712,0.7537272472649847,0.7726236579275905,0.018896410662605834,41.853932584269664,40.449438202247194,-1.404494382022472,49.29775280898876,50.70224719101124,21.48876404494382,20.084269662921347,-0.0363217205726444,-0.20879756554307113,EXPERIMENT_ONLY
cp,23:00,712,0.7472502328358912,0.7726236579275905,0.02537342509169923,43.11797752808989,40.449438202247194,-2.668539325842697,47.752808988764045,52.247191011235955,22.331460674157302,19.662921348314608,-0.022936730153878534,-0.20879756554307113,EXPERIMENT_ONLY
month,2024-01,48,1.7405978982495451,1.3541666666666667,-0.38643123158287845,16.666666666666668,33.333333333333336,16.666666666666668,75.0,25.0,8.333333333333334,25.0,-1.0044280203946163,-0.33749999999999974,EXPERIMENT_ONLY
month,2024-02,116,0.929640622155519,0.7722758620689657,-0.15736476008655378,25.862068965517242,34.48275862068966,8.620689655172415,63.793103448275865,36.206896551724135,14.655172413793103,23.275862068965516,-0.7286462482567239,-0.09796781609195414,EXPERIMENT_ONLY
month,2024-03,124,0.8500342826987185,0.7330236559139774,-0.11701062678474033,43.54838709677419,45.16129032258065,1.6129032258064515,66.12903225806451,33.87096774193548,13.709677419354838,15.32258064516129,-0.45528018090231415,-0.25965591397849414,EXPERIMENT_ONLY
month,2024-04,120,0.8479629271594561,0.8301955555555549,-0.017767371603900718,31.666666666666668,36.666666666666664,5.0,53.333333333333336,46.666666666666664,15.833333333333334,20.833333333333332,-0.30240004176922514,-0.12729777777777743,EXPERIMENT_ONLY
month,2024-05,124,0.6782296170696095,0.611139784946236,-0.06708983212337329,51.61290322580645,51.61290322580645,0.0,58.87096774193548,41.12903225806452,15.32258064516129,15.32258064516129,0.036753013951811055,0.06335483870967751,EXPERIMENT_ONLY
month,2024-06,120,0.5438679801523155,0.6520711111111109,0.10820313095879555,48.333333333333336,43.333333333333336,-5.0,45.0,55.0,22.5,17.5,0.07685830850388113,-0.11233777777777766,EXPERIMENT_ONLY
month,2024-07,124,0.6606275200235376,0.5944602150537632,-0.06616730496977413,47.58064516129032,41.935483870967744,-5.645161290322581,52.41935483870968,47.58064516129032,26.612903225806452,20.967741935483872,0.17383189429021145,-0.12805161290322561,EXPERIMENT_ONLY
month,2024-08,124,0.629662614344358,0.6019268817204306,-0.027735732623927676,49.193548387096776,41.935483870967744,-7.258064516129032,57.25806451612903,42.74193548387097,25.806451612903224,18.548387096774192,0.04408380395554374,-0.3967139784946241,EXPERIMENT_ONLY
month,2024-09,120,0.6999670843506091,0.4711199999999996,-0.22884708435060894,37.5,63.333333333333336,25.833333333333332,70.0,30.0,10.0,35.833333333333336,0.09792050992508151,-0.20230222222222222,EXPERIMENT_ONLY
month,2024-10,124,0.7290659274130451,0.7252301075268809,-0.0038358198861626505,46.774193548387096,32.25806451612903,-14.516129032258064,49.193548387096776,50.806451612903224,35.483870967741936,20.967741935483872,0.21471366405185247,-0.22303655913978526,EXPERIMENT_ONLY
month,2024-11,120,0.6772314521910586,0.5445422222222217,-0.13268922996883697,47.5,60.0,12.5,59.166666666666664,40.833333333333336,18.333333333333332,30.833333333333332,0.06392539404714963,-0.29559999999999936,EXPERIMENT_ONLY
month,2024-12,124,0.7246000911427363,1.0924387096774197,0.367838618534683,41.12903225806452,19.35483870967742,-21.774193548387096,29.838709677419356,70.16129032258064,32.25806451612903,10.483870967741936,-0.11147509481542213,-0.3242150537634407,EXPERIMENT_ONLY
month,2025-01,124,0.7864444170641098,0.9906838709677421,0.2042394539036324,41.12903225806452,29.032258064516128,-12.096774193548388,37.096774193548384,62.903225806451616,20.161290322580644,8.064516129032258,0.19441132127265956,0.08909247311827959,EXPERIMENT_ONLY
month,2025-02,112,1.145921876189922,1.3700190476190477,0.22409717142912594,30.357142857142858,21.428571428571427,-8.928571428571429,35.714285714285715,64.28571428571429,22.321428571428573,13.392857142857142,0.4036532747500082,-0.3733841269841273,EXPERIMENT_ONLY
month,2025-03,124,0.9980061817021801,1.2518451612903234,0.2538389795881427,33.064516129032256,22.580645161290324,-10.483870967741936,38.70967741935484,61.29032258064516,15.32258064516129,4.838709677419355,-0.10643370548559869,-0.2887139784946245,EXPERIMENT_ONLY
month,2025-04,120,0.8532911652154229,0.8991481481481471,0.04585698293272447,25.833333333333332,26.666666666666668,0.8333333333333334,40.0,60.0,14.166666666666666,15.0,-0.05250637785782035,-0.12145925925925916,EXPERIMENT_ONLY
month,2025-05,124,0.49620847151141184,0.7887455197132607,0.29253704820184984,58.064516129032256,38.70967741935484,-19.35483870967742,21.774193548387096,78.2258064516129,33.064516129032256,13.709677419354838,-0.018383634514840277,-0.31737634408602133,EXPERIMENT_ONLY
month,2025-06,120,0.7339944251393823,0.560059259259259,-0.17393516588012312,38.333333333333336,53.333333333333336,15.0,65.0,35.0,14.166666666666666,29.166666666666668,-0.037318109205743584,0.1449925925925927,EXPERIMENT_ONLY
month,2025-07,124,0.6306074541489862,0.7414767025089604,0.11086924835997453,53.225806451612904,32.25806451612903,-20.967741935483872,36.29032258064516,63.70967741935484,27.419354838709676,6.451612903225806,0.008033593557439449,-0.22328315412186406,EXPERIMENT_ONLY
month,2025-08,124,0.7347045313047782,0.7024372759856622,-0.03226725531911559,42.74193548387097,45.16129032258065,2.4193548387096775,54.03225806451613,45.96774193548387,23.387096774193548,25.806451612903224,-0.29895572887463345,-0.21260215053763443,EXPERIMENT_ONLY
month,2025-09,120,0.5539352827976977,0.7087333333333338,0.15479805053563556,50.833333333333336,40.0,-10.833333333333334,39.166666666666664,60.833333333333336,33.333333333333336,22.5,0.009760224396558199,-0.5240518518518513,EXPERIMENT_ONLY
month,2025-10,124,0.7045459477298129,0.5135627240143363,-0.1909832237154764,52.41935483870968,54.83870967741935,2.4193548387096775,60.483870967741936,39.516129032258064,21.774193548387096,24.193548387096776,0.4401174770367183,-0.1326881720430108,EXPERIMENT_ONLY
month,2025-11,120,0.8117881264419644,0.6804888888888885,-0.1312992375530756,31.666666666666668,46.666666666666664,15.0,55.0,45.0,20.833333333333332,35.833333333333336,0.030395516775049192,-0.5910518518518519,EXPERIMENT_ONLY
month,2025-12,124,0.7408758291881808,0.7404731182795695,-0.00040271090861138294,38.70967741935484,51.61290322580645,12.903225806451612,50.0,50.0,18.548387096774192,31.451612903225808,0.23702650762665803,-0.1120716845878131,EXPERIMENT_ONLY
month_cp,2024-01|20:00,12,1.8068981919375402,1.3541666666666667,-0.4527315252708736,16.666666666666668,33.333333333333336,16.666666666666668,75.0,25.0,8.333333333333334,25.0,-1.0420534732132152,-0.33750000000000036,EXPERIMENT_ONLY
month_cp,2024-01|21:00,12,1.72758258371175,1.3541666666666667,-0.3734159170450833,16.666666666666668,33.333333333333336,16.666666666666668,83.33333333333333,16.666666666666668,8.333333333333334,25.0,-0.9764454338269338,-0.33750000000000036,EXPERIMENT_ONLY
month_cp,2024-01|22:00,12,1.716031093333963,1.3541666666666667,-0.3618644266672965,16.666666666666668,33.333333333333336,16.666666666666668,75.0,25.0,8.333333333333334,25.0,-1.0172444915315502,-0.33750000000000036,EXPERIMENT_ONLY
month_cp,2024-01|23:00,12,1.711879724014927,1.3541666666666667,-0.3577130573482605,16.666666666666668,33.333333333333336,16.666666666666668,66.66666666666667,33.333333333333336,8.333333333333334,25.0,-0.9819686830067678,-0.33750000000000036,EXPERIMENT_ONLY
month_cp,2024-02|20:00,29,0.9731182814833698,0.7722758620689656,-0.20084241941440426,31.03448275862069,34.48275862068966,3.4482758620689653,65.51724137931035,34.48275862068966,17.24137931034483,20.689655172413794,-0.7348747866829963,-0.09796781609195414,EXPERIMENT_ONLY
month_cp,2024-02|21:00,29,0.9170770159997588,0.7722758620689656,-0.14480115393079324,24.137931034482758,34.48275862068966,10.344827586206897,62.06896551724138,37.93103448275862,13.793103448275861,24.137931034482758,-0.7344811226659153,-0.09796781609195414,EXPERIMENT_ONLY
month_cp,2024-02|22:00,29,0.9235736914161001,0.7722758620689656,-0.1512978293471346,24.137931034482758,34.48275862068966,10.344827586206897,62.06896551724138,37.93103448275862,13.793103448275861,24.137931034482758,-0.7355499747097681,-0.09796781609195414,EXPERIMENT_ONLY
month_cp,2024-02|23:00,29,0.9047934997228486,0.7722758620689656,-0.1325176376538831,24.137931034482758,34.48275862068966,10.344827586206897,65.51724137931035,34.48275862068966,13.793103448275861,24.137931034482758,-0.709679108968217,-0.09796781609195414,EXPERIMENT_ONLY
month_cp,2024-03|20:00,31,0.9003790607874778,0.7330236559139784,-0.1673554048734994,35.483870967741936,45.16129032258065,9.67741935483871,61.29032258064516,38.70967741935484,6.451612903225806,16.129032258064516,-0.45760095841480697,-0.25965591397849436,EXPERIMENT_ONLY
month_cp,2024-03|21:00,31,0.8522961934293348,0.7330236559139784,-0.11927253751535641,48.38709677419355,45.16129032258065,-3.225806451612903,70.96774193548387,29.032258064516128,16.129032258064516,12.903225806451612,-0.4795498543160995,-0.25965591397849436,EXPERIMENT_ONLY
month_cp,2024-03|22:00,31,0.8424988251112331,0.7330236559139784,-0.10947516919725474,45.16129032258065,45.16129032258065,0.0,70.96774193548387,29.032258064516128,16.129032258064516,16.129032258064516,-0.4655448863543231,-0.25965591397849436,EXPERIMENT_ONLY
month_cp,2024-03|23:00,31,0.8049630514668291,0.7330236559139784,-0.07193939555285071,45.16129032258065,45.16129032258065,0.0,61.29032258064516,38.70967741935484,16.129032258064516,16.129032258064516,-0.4184250245240281,-0.25965591397849436,EXPERIMENT_ONLY
month_cp,2024-04|20:00,30,0.8684454934369878,0.830195555555555,-0.03824993788143273,30.0,36.666666666666664,6.666666666666667,60.0,40.0,13.333333333333334,20.0,-0.33858307947280775,-0.12729777777777743,EXPERIMENT_ONLY
month_cp,2024-04|21:00,30,0.8527356967078725,0.830195555555555,-0.0225401411523175,30.0,36.666666666666664,6.666666666666667,56.666666666666664,43.333333333333336,13.333333333333334,20.0,-0.3409267439868542,-0.12729777777777743,EXPERIMENT_ONLY
month_cp,2024-04|22:00,30,0.8185057569473447,0.830195555555555,0.01168979860821023,33.333333333333336,36.666666666666664,3.3333333333333335,50.0,50.0,20.0,23.333333333333332,-0.2574383550270395,-0.12729777777777743,EXPERIMENT_ONLY
month_cp,2024-04|23:00,30,0.8521647615456178,0.830195555555555,-0.021969205990062867,33.333333333333336,36.666666666666664,3.3333333333333335,46.666666666666664,53.333333333333336,16.666666666666668,20.0,-0.2726519885901993,-0.12729777777777743,EXPERIMENT_ONLY
month_cp,2024-05|20:00,31,0.7663199359377622,0.6111397849462363,-0.1551801509915258,41.935483870967744,51.61290322580645,9.67741935483871,70.96774193548387,29.032258064516128,9.67741935483871,19.35483870967742,0.007857085694753045,0.06335483870967755,EXPERIMENT_ONLY
month_cp,2024-05|21:00,31,0.6806188689060618,0.6111397849462363,-0.06947908395982551,54.83870967741935,51.61290322580645,-3.225806451612903,61.29032258064516,38.70967741935484,12.903225806451612,9.67741935483871,0.007298517654457863,0.06335483870967755,EXPERIMENT_ONLY
month_cp,2024-05|22:00,31,0.6351890800344991,0.6111397849462363,-0.02404929508826281,54.83870967741935,51.61290322580645,-3.225806451612903,54.83870967741935,45.16129032258065,19.35483870967742,16.129032258064516,0.04888135880661689,0.06335483870967755,EXPERIMENT_ONLY
month_cp,2024-05|23:00,31,0.6307905834001155,0.6111397849462363,-0.019650798453879,54.83870967741935,51.61290322580645,-3.225806451612903,48.38709677419355,51.61290322580645,19.35483870967742,16.129032258064516,0.08297509365141624,0.06335483870967755,EXPERIMENT_ONLY
month_cp,2024-06|20:00,30,0.5523703721915131,0.6520711111111112,0.09970073891959798,50.0,43.333333333333336,-6.666666666666667,46.666666666666664,53.333333333333336,23.333333333333332,16.666666666666668,0.142320220854467,-0.11233777777777766,EXPERIMENT_ONLY
month_cp,2024-06|21:00,30,0.5661041716227708,0.6520711111111112,0.08596693948834026,43.333333333333336,43.333333333333336,0.0,46.666666666666664,53.333333333333336,20.0,20.0,0.1503808209141166,-0.11233777777777766,EXPERIMENT_ONLY
month_cp,2024-06|22:00,30,0.5247254567362727,0.6520711111111112,0.12734565437483844,50.0,43.333333333333336,-6.666666666666667,43.333333333333336,56.666666666666664,23.333333333333332,16.666666666666668,-0.002052145726098035,-0.11233777777777766,EXPERIMENT_ONLY
month_cp,2024-06|23:00,30,0.5322719200587056,0.6520711111111112,0.1197991910524055,50.0,43.333333333333336,-6.666666666666667,43.333333333333336,56.666666666666664,23.333333333333332,16.666666666666668,0.016784337973038948,-0.11233777777777766,EXPERIMENT_ONLY
month_cp,2024-07|20:00,31,0.6807959833550221,0.5944602150537635,-0.08633576830125865,48.38709677419355,41.935483870967744,-6.451612903225806,51.61290322580645,48.38709677419355,29.032258064516128,22.580645161290324,0.19643559302995042,-0.12805161290322561,EXPERIMENT_ONLY
month_cp,2024-07|21:00,31,0.6550552105512362,0.5944602150537635,-0.06059499549747282,51.61290322580645,41.935483870967744,-9.67741935483871,51.61290322580645,48.38709677419355,29.032258064516128,19.35483870967742,0.20923011870281616,-0.12805161290322561,EXPERIMENT_ONLY
month_cp,2024-07|22:00,31,0.6814294810295156,0.5944602150537635,-0.08696926597575236,41.935483870967744,41.935483870967744,0.0,54.83870967741935,45.16129032258065,22.580645161290324,22.580645161290324,0.13389736099956695,-0.12805161290322561,EXPERIMENT_ONLY
month_cp,2024-07|23:00,31,0.6252294051583761,0.5944602150537635,-0.030769190104612723,48.38709677419355,41.935483870967744,-6.451612903225806,51.61290322580645,48.38709677419355,25.806451612903224,19.35483870967742,0.15576450442851217,-0.12805161290322561,EXPERIMENT_ONLY
month_cp,2024-08|20:00,31,0.6458297913222515,0.6019268817204304,-0.04390290960182092,48.38709677419355,41.935483870967744,-6.451612903225806,58.064516129032256,41.935483870967744,25.806451612903224,19.35483870967742,0.06382275386328726,-0.3967139784946241,EXPERIMENT_ONLY
month_cp,2024-08|21:00,31,0.6171668063511176,0.6019268817204304,-0.015239924630687166,45.16129032258065,41.935483870967744,-3.225806451612903,54.83870967741935,45.16129032258065,25.806451612903224,22.580645161290324,0.10633504025861196,-0.3967139784946241,EXPERIMENT_ONLY
month_cp,2024-08|22:00,31,0.6389913246877513,0.6019268817204304,-0.037064442967320935,51.61290322580645,41.935483870967744,-9.67741935483871,58.064516129032256,41.935483870967744,25.806451612903224,16.129032258064516,-0.019376502405770057,-0.3967139784946241,EXPERIMENT_ONLY
month_cp,2024-08|23:00,31,0.6166625350163121,0.6019268817204304,-0.014735653295881678,51.61290322580645,41.935483870967744,-9.67741935483871,58.064516129032256,41.935483870967744,25.806451612903224,16.129032258064516,0.025553924106045803,-0.3967139784946241,EXPERIMENT_ONLY
month_cp,2024-09|20:00,30,0.728022501843668,0.4711200000000001,-0.2569025018436679,36.666666666666664,63.333333333333336,26.666666666666668,73.33333333333333,26.666666666666668,10.0,36.666666666666664,0.06718171640861664,-0.20230222222222222,EXPERIMENT_ONLY
month_cp,2024-09|21:00,30,0.7019072759550614,0.4711200000000001,-0.2307872759550613,40.0,63.333333333333336,23.333333333333332,73.33333333333333,26.666666666666668,10.0,33.333333333333336,0.0872209644136524,-0.20230222222222222,EXPERIMENT_ONLY
month_cp,2024-09|22:00,30,0.6980965796856446,0.4711200000000001,-0.22697657968564453,36.666666666666664,63.333333333333336,26.666666666666668,66.66666666666667,33.333333333333336,10.0,36.666666666666664,0.11334047380732303,-0.20230222222222222,EXPERIMENT_ONLY
month_cp,2024-09|23:00,30,0.6718419799180626,0.4711200000000001,-0.20072197991806243,36.666666666666664,63.333333333333336,26.666666666666668,66.66666666666667,33.333333333333336,10.0,36.666666666666664,0.12393888507073415,-0.20230222222222222,EXPERIMENT_ONLY
month_cp,2024-10|20:00,31,0.7866330817485527,0.7252301075268821,-0.06140297422167071,48.38709677419355,32.25806451612903,-16.129032258064516,51.61290322580645,48.38709677419355,38.70967741935484,22.580645161290324,0.22009410030370344,-0.22303655913978526,EXPERIMENT_ONLY
month_cp,2024-10|21:00,31,0.7285320317463102,0.7252301075268821,-0.003301924219428084,45.16129032258065,32.25806451612903,-12.903225806451612,51.61290322580645,48.38709677419355,35.483870967741936,22.580645161290324,0.25705776884619247,-0.22303655913978526,EXPERIMENT_ONLY
month_cp,2024-10|22:00,31,0.7020309572904218,0.7252301075268821,0.02319915023646032,45.16129032258065,32.25806451612903,-12.903225806451612,48.38709677419355,51.61290322580645,32.25806451612903,19.35483870967742,0.20037025595286115,-0.22303655913978526,EXPERIMENT_ONLY
month_cp,2024-10|23:00,31,0.6990676388668942,0.7252301075268821,0.026162468659987875,48.38709677419355,32.25806451612903,-16.129032258064516,45.16129032258065,54.83870967741935,35.483870967741936,19.35483870967742,0.1813325311046528,-0.22303655913978526,EXPERIMENT_ONLY
month_cp,2024-11|20:00,30,0.6855825842939692,0.544542222222222,-0.14104036207174733,40.0,60.0,20.0,66.66666666666667,33.333333333333336,13.333333333333334,33.333333333333336,0.019127334116639538,-0.29559999999999964,EXPERIMENT_ONLY
month_cp,2024-11|21:00,30,0.6770510547007412,0.544542222222222,-0.13250883247851936,46.666666666666664,60.0,13.333333333333334,53.333333333333336,46.666666666666664,20.0,33.333333333333336,0.11596958829976185,-0.29559999999999964,EXPERIMENT_ONLY
month_cp,2024-11|22:00,30,0.6809017309816308,0.544542222222222,-0.1363595087594088,50.0,60.0,10.0,56.666666666666664,43.333333333333336,20.0,30.0,0.05624121971111317,-0.29559999999999964,EXPERIMENT_ONLY
month_cp,2024-11|23:00,30,0.6653904387878943,0.544542222222222,-0.12084821656567245,53.333333333333336,60.0,6.666666666666667,60.0,40.0,20.0,26.666666666666668,0.06436343406108395,-0.29559999999999964,EXPERIMENT_ONLY
month_cp,2024-12|20:00,31,0.777777668807956,1.0924387096774193,0.3146610408694635,38.70967741935484,19.35483870967742,-19.35483870967742,32.25806451612903,67.74193548387096,29.032258064516128,9.67741935483871,-0.1833883533177189,-0.32421505376344095,EXPERIMENT_ONLY
month_cp,2024-12|21:00,31,0.6928961444850222,1.0924387096774193,0.3995425651923972,45.16129032258065,19.35483870967742,-25.806451612903224,25.806451612903224,74.19354838709677,35.483870967741936,9.67741935483871,-0.06815973443565257,-0.32421505376344095,EXPERIMENT_ONLY
month_cp,2024-12|22:00,31,0.7087759239806403,1.0924387096774193,0.38366278569677914,38.70967741935484,19.35483870967742,-19.35483870967742,29.032258064516128,70.96774193548387,32.25806451612903,12.903225806451612,-0.11027665388152294,-0.32421505376344095,EXPERIMENT_ONLY
month_cp,2024-12|23:00,31,0.7189506272973271,1.0924387096774193,0.3734880823800924,41.935483870967744,19.35483870967742,-22.580645161290324,32.25806451612903,67.74193548387096,32.25806451612903,9.67741935483871,-0.08407563762679408,-0.32421505376344095,EXPERIMENT_ONLY
month_cp,2025-01|20:00,31,0.7988860520573641,0.990683870967742,0.19179781891037787,48.38709677419355,29.032258064516128,-19.35483870967742,35.483870967741936,64.51612903225806,29.032258064516128,9.67741935483871,0.24955406434070607,0.08909247311827961,EXPERIMENT_ONLY
month_cp,2025-01|21:00,31,0.8145064535115276,0.990683870967742,0.17617741745621446,38.70967741935484,29.032258064516128,-9.67741935483871,38.70967741935484,61.29032258064516,16.129032258064516,6.451612903225806,0.23253395674495417,0.08909247311827961,EXPERIMENT_ONLY
month_cp,2025-01|22:00,31,0.7841765054875595,0.990683870967742,0.20650736548018248,38.70967741935484,29.032258064516128,-9.67741935483871,41.935483870967744,58.064516129032256,16.129032258064516,6.451612903225806,0.15401067332969817,0.08909247311827961,EXPERIMENT_ONLY
month_cp,2025-01|23:00,31,0.7482086571999873,0.990683870967742,0.24247521376775477,38.70967741935484,29.032258064516128,-9.67741935483871,32.25806451612903,67.74193548387096,19.35483870967742,9.67741935483871,0.14154659067527978,0.08909247311827961,EXPERIMENT_ONLY
month_cp,2025-02|20:00,28,1.1638803728200366,1.3700190476190472,0.206138674799011,28.571428571428573,21.428571428571427,-7.142857142857143,35.714285714285715,64.28571428571429,17.857142857142858,10.714285714285714,0.30324620819848086,-0.3733841269841272,EXPERIMENT_ONLY
month_cp,2025-02|21:00,28,1.1419958882625225,1.3700190476190472,0.22802315935652512,32.142857142857146,21.428571428571427,-10.714285714285714,35.714285714285715,64.28571428571429,25.0,14.285714285714286,0.4425250580963654,-0.3733841269841272,EXPERIMENT_ONLY
month_cp,2025-02|22:00,28,1.1379410305723878,1.3700190476190472,0.23207801704665978,28.571428571428573,21.428571428571427,-7.142857142857143,35.714285714285715,64.28571428571429,21.428571428571427,14.285714285714286,0.42082961191021223,-0.3733841269841272,EXPERIMENT_ONLY
month_cp,2025-02|23:00,28,1.1398702131047398,1.3700190476190472,0.23014883451430787,32.142857142857146,21.428571428571427,-10.714285714285714,35.714285714285715,64.28571428571429,25.0,14.285714285714286,0.4480122207949741,-0.3733841269841272,EXPERIMENT_ONLY
month_cp,2025-03|20:00,31,1.027984953835985,1.251845161290323,0.22386020745433757,32.25806451612903,22.580645161290324,-9.67741935483871,38.70967741935484,61.29032258064516,12.903225806451612,3.225806451612903,-0.0644334802300327,-0.288713978494624,EXPERIMENT_ONLY
month_cp,2025-03|21:00,31,0.9594904860940519,1.251845161290323,0.29235467519627084,32.25806451612903,22.580645161290324,-9.67741935483871,38.70967741935484,61.29032258064516,16.129032258064516,6.451612903225806,-0.09467893505707915,-0.288713978494624,EXPERIMENT_ONLY
month_cp,2025-03|22:00,31,1.0069406286071738,1.251845161290323,0.244904532683149,32.25806451612903,22.580645161290324,-9.67741935483871,38.70967741935484,61.29032258064516,16.129032258064516,6.451612903225806,-0.1355048509478403,-0.288713978494624,EXPERIMENT_ONLY
month_cp,2025-03|23:00,31,0.9976086582715091,1.251845161290323,0.2542365030188136,35.483870967741936,22.580645161290324,-12.903225806451612,38.70967741935484,61.29032258064516,16.129032258064516,3.225806451612903,-0.13111755570744205,-0.288713978494624,EXPERIMENT_ONLY
month_cp,2025-04|20:00,30,0.8622115560414898,0.8991481481481477,0.036936592106657784,23.333333333333332,26.666666666666668,3.3333333333333335,40.0,60.0,13.333333333333334,16.666666666666668,-0.05638636351317032,-0.12145925925925916,EXPERIMENT_ONLY
month_cp,2025-04|21:00,30,0.8382724846565672,0.8991481481481477,0.06087566349158049,30.0,26.666666666666668,-3.3333333333333335,43.333333333333336,56.666666666666664,20.0,16.666666666666668,-0.04140006996029886,-0.12145925925925916,EXPERIMENT_ONLY
month_cp,2025-04|22:00,30,0.860252512042887,0.8991481481481477,0.0388956361052608,26.666666666666668,26.666666666666668,0.0,40.0,60.0,13.333333333333334,13.333333333333334,-0.058830258715629684,-0.12145925925925916,EXPERIMENT_ONLY
month_cp,2025-04|23:00,30,0.8524281081207489,0.8991481481481477,0.046720040027398824,23.333333333333332,26.666666666666668,3.3333333333333335,36.666666666666664,63.333333333333336,10.0,13.333333333333334,-0.05340881924218254,-0.12145925925925916,EXPERIMENT_ONLY
month_cp,2025-05|20:00,31,0.5266430401613239,0.7887455197132618,0.26210247955193783,54.83870967741935,38.70967741935484,-16.129032258064516,22.580645161290324,77.41935483870968,25.806451612903224,9.67741935483871,-0.01087244282970371,-0.31737634408602144,EXPERIMENT_ONLY
month_cp,2025-05|21:00,31,0.4991159412621465,0.7887455197132618,0.2896295784511152,54.83870967741935,38.70967741935484,-16.129032258064516,19.35483870967742,80.64516129032258,32.25806451612903,16.129032258064516,-0.021840992265262125,-0.31737634408602144,EXPERIMENT_ONLY
month_cp,2025-05|22:00,31,0.47218213532066594,0.7887455197132618,0.31656338439259574,61.29032258064516,38.70967741935484,-22.580645161290324,22.580645161290324,77.41935483870968,35.483870967741936,12.903225806451612,-0.033564154879191656,-0.31737634408602144,EXPERIMENT_ONLY
month_cp,2025-05|23:00,31,0.4868927693015112,0.7887455197132618,0.3018527504117504,61.29032258064516,38.70967741935484,-22.580645161290324,22.580645161290324,77.41935483870968,38.70967741935484,16.129032258064516,-0.007256948085203622,-0.31737634408602144,EXPERIMENT_ONLY
month_cp,2025-06|20:00,30,0.7216249466695501,0.5600592592592589,-0.16156568741029123,36.666666666666664,53.333333333333336,16.666666666666668,63.333333333333336,36.666666666666664,13.333333333333334,30.0,0.06779262504953436,0.14499259259259284,EXPERIMENT_ONLY
month_cp,2025-06|21:00,30,0.719588048567757,0.5600592592592589,-0.1595287893084981,30.0,53.333333333333336,23.333333333333332,63.333333333333336,36.666666666666664,13.333333333333334,36.666666666666664,0.050223969095617646,0.14499259259259284,EXPERIMENT_ONLY
month_cp,2025-06|22:00,30,0.7528844178252124,0.5600592592592589,-0.19282515856595359,40.0,53.333333333333336,13.333333333333334,66.66666666666667,33.333333333333336,13.333333333333334,26.666666666666668,-0.13797701640809615,0.14499259259259284,EXPERIMENT_ONLY
month_cp,2025-06|23:00,30,0.7418802874950081,0.5600592592592589,-0.1818210282357492,46.666666666666664,53.333333333333336,6.666666666666667,66.66666666666667,33.333333333333336,16.666666666666668,23.333333333333332,-0.12931201456003016,0.14499259259259284,EXPERIMENT_ONLY
month_cp,2025-07|20:00,31,0.6369810255016561,0.7414767025089604,0.10449567700730442,51.61290322580645,32.25806451612903,-19.35483870967742,41.935483870967744,58.064516129032256,25.806451612903224,6.451612903225806,0.01904176359733365,-0.223283154121864,EXPERIMENT_ONLY
month_cp,2025-07|21:00,31,0.6291268301848826,0.7414767025089604,0.112349872324078,54.83870967741935,32.25806451612903,-22.580645161290324,38.70967741935484,61.29032258064516,29.032258064516128,6.451612903225806,0.03117920099190993,-0.223283154121864,EXPERIMENT_ONLY
month_cp,2025-07|22:00,31,0.6287986491011075,0.7414767025089604,0.11267805340785308,51.61290322580645,32.25806451612903,-19.35483870967742,32.25806451612903,67.74193548387096,25.806451612903224,6.451612903225806,-0.012866439581835844,-0.223283154121864,EXPERIMENT_ONLY
month_cp,2025-07|23:00,31,0.6275233118082977,0.7414767025089604,0.11395339070066272,54.83870967741935,32.25806451612903,-22.580645161290324,32.25806451612903,67.74193548387096,29.032258064516128,6.451612903225806,-0.005220150777649823,-0.223283154121864,EXPERIMENT_ONLY
month_cp,2025-08|20:00,31,0.6956560474337374,0.702437275985663,0.006781228551925577,51.61290322580645,45.16129032258065,-6.451612903225806,51.61290322580645,48.38709677419355,25.806451612903224,19.35483870967742,-0.3028096001386535,-0.21260215053763437,EXPERIMENT_ONLY
month_cp,2025-08|21:00,31,0.6832367941081835,0.702437275985663,0.01920048187747946,48.38709677419355,45.16129032258065,-3.225806451612903,51.61290322580645,48.38709677419355,25.806451612903224,22.580645161290324,-0.2728546365266568,-0.21260215053763437,EXPERIMENT_ONLY
month_cp,2025-08|22:00,31,0.7750907708191505,0.702437275985663,-0.07265349483348753,35.483870967741936,45.16129032258065,9.67741935483871,58.064516129032256,41.935483870967744,19.35483870967742,29.032258064516128,-0.3105459154601253,-0.21260215053763437,EXPERIMENT_ONLY
month_cp,2025-08|23:00,31,0.7848345128580433,0.702437275985663,-0.0823972368723802,35.483870967741936,45.16129032258065,9.67741935483871,54.83870967741935,45.16129032258065,22.580645161290324,32.25806451612903,-0.3096127633730982,-0.21260215053763437,EXPERIMENT_ONLY
month_cp,2025-09|20:00,30,0.6048487226727363,0.7087333333333332,0.1038846106605968,46.666666666666664,40.0,-6.666666666666667,43.333333333333336,56.666666666666664,26.666666666666668,20.0,-0.027908552720162363,-0.5240518518518515,EXPERIMENT_ONLY
month_cp,2025-09|21:00,30,0.5971413492100548,0.7087333333333332,0.11159198412327835,46.666666666666664,40.0,-6.666666666666667,40.0,60.0,30.0,23.333333333333332,-0.0006625945672951161,-0.5240518518518515,EXPERIMENT_ONLY
month_cp,2025-09|22:00,30,0.4999053286942727,0.7087333333333332,0.20882800463906043,56.666666666666664,40.0,-16.666666666666668,36.666666666666664,63.333333333333336,40.0,23.333333333333332,0.039405069132065644,-0.5240518518518515,EXPERIMENT_ONLY
month_cp,2025-09|23:00,30,0.513845730613726,0.7087333333333332,0.19488760271960714,53.333333333333336,40.0,-13.333333333333334,36.666666666666664,63.333333333333336,36.666666666666664,23.333333333333332,0.028206975741624635,-0.5240518518518515,EXPERIMENT_ONLY
month_cp,2025-10|20:00,31,0.6188035344058648,0.5135627240143367,-0.10524081039152809,51.61290322580645,54.83870967741935,3.225806451612903,58.064516129032256,41.935483870967744,19.35483870967742,22.580645161290324,0.4011895760435957,-0.1326881720430108,EXPERIMENT_ONLY
month_cp,2025-10|21:00,31,0.715369795447824,0.5135627240143367,-0.2018070714334872,54.83870967741935,54.83870967741935,0.0,58.064516129032256,41.935483870967744,22.580645161290324,22.580645161290324,0.49098310549467783,-0.1326881720430108,EXPERIMENT_ONLY
month_cp,2025-10|22:00,31,0.717790619927585,0.5135627240143367,-0.20422789591324833,51.61290322580645,54.83870967741935,3.225806451612903,61.29032258064516,38.70967741935484,22.580645161290324,25.806451612903224,0.43564828423698343,-0.1326881720430108,EXPERIMENT_ONLY
month_cp,2025-10|23:00,31,0.7662198411379786,0.5135627240143367,-0.25265711712364197,51.61290322580645,54.83870967741935,3.225806451612903,64.51612903225806,35.483870967741936,22.580645161290324,25.806451612903224,0.4326489423716161,-0.1326881720430108,EXPERIMENT_ONLY
month_cp,2025-11|20:00,30,0.844075220334938,0.680488888888889,-0.16358633144604884,26.666666666666668,46.666666666666664,20.0,66.66666666666667,33.333333333333336,20.0,40.0,0.03544409095995261,-0.5910518518518517,EXPERIMENT_ONLY
month_cp,2025-11|21:00,30,0.8218481977563037,0.680488888888889,-0.1413593088674146,33.333333333333336,46.666666666666664,13.333333333333334,53.333333333333336,46.666666666666664,23.333333333333332,36.666666666666664,0.041594830465510074,-0.5910518518518517,EXPERIMENT_ONLY
month_cp,2025-11|22:00,30,0.7989930780312446,0.680488888888889,-0.11850418914235548,33.333333333333336,46.666666666666664,13.333333333333334,50.0,50.0,20.0,33.333333333333336,-0.004979840903546536,-0.5910518518518517,EXPERIMENT_ONLY
month_cp,2025-11|23:00,30,0.7822360096453725,0.680488888888889,-0.10174712075648346,33.333333333333336,46.666666666666664,13.333333333333334,50.0,50.0,20.0,33.333333333333336,0.049522986578280616,-0.5910518518518517,EXPERIMENT_ONLY
month_cp,2025-12|20:00,31,0.8136923923951759,0.7404731182795696,-0.07321927411560629,25.806451612903224,51.61290322580645,25.806451612903224,61.29032258064516,38.70967741935484,12.903225806451612,38.70967741935484,0.22409024396309593,-0.1120716845878131,EXPERIMENT_ONLY
month_cp,2025-12|21:00,31,0.7548525870942115,0.7404731182795696,-0.014379468814641909,41.935483870967744,51.61290322580645,9.67741935483871,51.61290322580645,48.38709677419355,19.35483870967742,29.032258064516128,0.2820312096658776,-0.1120716845878131,EXPERIMENT_ONLY
month_cp,2025-12|22:00,31,0.7089275243198718,0.7404731182795696,0.031545593959697776,41.935483870967744,51.61290322580645,9.67741935483871,45.16129032258065,54.83870967741935,19.35483870967742,29.032258064516128,0.22655903817360387,-0.1120716845878131,EXPERIMENT_ONLY
month_cp,2025-12|23:00,31,0.6860308129434647,0.7404731182795696,0.0544423053361049,45.16129032258065,51.61290322580645,6.451612903225806,41.935483870967744,58.064516129032256,22.580645161290324,29.032258064516128,0.2154255387040547,-0.1120716845878131,EXPERIMENT_ONLY
overall,overall,2848,0.7610473568874228,0.7726236579275905,0.01157630104016765,41.74859550561798,40.449438202247194,-1.2991573033707866,49.89466292134831,50.10533707865169,21.348314606741575,20.049157303370787,-0.019902797950954523,-0.20879756554307113,EXPERIMENT_ONLY
year,2024,1388,0.7589523278690488,0.7166820365033622,-0.04227029136568669,42.002881844380404,42.363112391930834,0.36023054755043227,55.61959654178674,44.38040345821326,20.605187319884728,20.965417867435157,-0.10983663460084046,-0.19693102785782896,EXPERIMENT_ONLY
year,2025,1460,0.7630390694062605,0.8258065144596652,0.06276744505340452,41.50684931506849,38.63013698630137,-2.8767123287671232,44.45205479452055,55.54794520547945,22.054794520547944,19.17808219178082,0.06559594538469048,-0.220078904109589,EXPERIMENT_ONLY
year_cp,2024|20:00,347,0.7960393031699771,0.7166820365033622,-0.07935726666661493,40.05763688760807,42.363112391930834,2.3054755043227666,58.5014409221902,41.4985590778098,19.30835734870317,21.613832853025936,-0.12060748668364205,-0.19693102785782896,EXPERIMENT_ONLY
year_cp,2024|21:00,347,0.7558607877742622,0.7166820365033622,-0.03917875127089999,42.363112391930834,42.363112391930834,0.0,56.195965417867434,43.804034582132566,20.7492795389049,20.7492795389049,-0.09117980206338422,-0.19693102785782896,EXPERIMENT_ONLY
year_cp,2024|22:00,347,0.7478941765353232,0.7166820365033622,-0.03121214003196108,42.07492795389049,42.363112391930834,0.2881844380403458,54.75504322766571,45.24495677233429,21.037463976945244,21.32564841498559,-0.1233679206206416,-0.19693102785782896,EXPERIMENT_ONLY
year_cp,2024|23:00,347,0.7360150439966329,0.7166820365033622,-0.01933300749327078,43.51585014409222,42.363112391930834,-1.1527377521613833,53.02593659942363,46.97406340057637,21.32564841498559,20.172910662824208,-0.10419132903569404,-0.19693102785782896,EXPERIMENT_ONLY
year_cp,2025|20:00,365,0.7732863622741009,0.8258065144596649,0.05252015218556428,40.0,38.63013698630137,-1.36986301369863,46.57534246575342,53.42465753424658,20.273972602739725,18.904109589041095,0.0686238676437772,-0.22007890410958897,EXPERIMENT_ONLY
year_cp,2025|21:00,365,0.7616658980708461,0.8258065144596649,0.06414061638881913,41.64383561643836,38.63013698630137,-3.0136986301369864,44.38356164383562,55.61643835616438,22.73972602739726,19.726027397260275,0.09301733111837071,-0.22007890410958897,EXPERIMENT_ONLY
year_cp,2025|22:00,365,0.7592726597120872,0.8258065144596649,0.06653385474757766,41.64383561643836,38.63013698630137,-3.0136986301369864,44.10958904109589,55.89041095890411,21.91780821917808,18.904109589041095,0.04643179015791728,-0.22007890410958897,EXPERIMENT_ONLY
year_cp,2025|23:00,365,0.7579313575680081,0.8258065144596649,0.06787515689165702,42.73972602739726,38.63013698630137,-4.109589041095891,42.73972602739726,57.26027397260274,23.28767123287671,19.17808219178082,0.05431079261869674,-0.22007890410958897,EXPERIMENT_ONLY
year_regime,2024|macro_non_southerly,1073,0.7977865351283904,0.7148953091022056,-0.0828912260261847,38.11742777260019,41.47250698974837,3.3550792171481825,59.45945945945946,40.54054054054054,18.825722273998135,22.18080149114632,-0.14679813770076175,-0.35343199751475607,EXPERIMENT_ONLY
year_regime,2024|macro_southerly_flow,315,0.6266694567919904,0.7227682539682541,0.0960987971762637,55.23809523809524,45.3968253968254,-9.841269841269842,42.53968253968254,57.46031746031746,26.666666666666668,16.825396825396826,0.01606715214905015,0.33616592592592587,EXPERIMENT_ONLY
year_regime,2025|macro_non_southerly,1020,0.7538232557298766,0.8603027450980394,0.10647948936816252,42.05882352941177,35.588235294117645,-6.470588235294118,42.84313725490196,57.15686274509804,24.41176470588235,17.941176470588236,0.104207837546016,-0.47074370370370366,EXPERIMENT_ONLY
year_regime,2025|macro_southerly_flow,440,0.784403001110605,0.7458379797979797,-0.038565021312625396,40.22727272727273,45.68181818181818,5.454545454545454,48.18181818181818,51.81818181818182,16.59090909090909,22.045454545454547,-0.023913440989291403,0.36100767676767653,EXPERIMENT_ONLY
